[     540ms] [INFO] %cDownload the React DevTools for a better development experience: https://react.dev/link/react-devtools font-weight:bold @ http://localhost:3000/_next/static/chunks/node_modules_next_dist_4b2403f5._.js:2294
[     690ms] [LOG] [HMR] connected @ http://localhost:3000/_next/static/chunks/node_modules_next_dist_4b2403f5._.js:2294
[     924ms] [WARNING] Image with src "/backoffolder.avif" has legacy prop "layout". Did you forget to run the codemod?
Read more: https://nextjs.org/docs/messages/next-image-upgrade-to-13 @ http://localhost:3000/_next/static/chunks/node_modules_next_dist_4b2403f5._.js:2294
[     924ms] [WARNING] Image with src "/backoffolder.avif" has legacy prop "objectFit". Did you forget to run the codemod?
Read more: https://nextjs.org/docs/messages/next-image-upgrade-to-13 @ http://localhost:3000/_next/static/chunks/node_modules_next_dist_4b2403f5._.js:2294
[     927ms] [WARNING] Image with src "/cert1card.avif" has legacy prop "layout". Did you forget to run the codemod?
Read more: https://nextjs.org/docs/messages/next-image-upgrade-to-13 @ http://localhost:3000/_next/static/chunks/node_modules_next_dist_4b2403f5._.js:2294
[     927ms] [WARNING] Image with src "/cert1card.avif" has legacy prop "objectFit". Did you forget to run the codemod?
Read more: https://nextjs.org/docs/messages/next-image-upgrade-to-13 @ http://localhost:3000/_next/static/chunks/node_modules_next_dist_4b2403f5._.js:2294
[     929ms] [WARNING] Image with src "/cert2card.avif" has legacy prop "layout". Did you forget to run the codemod?
Read more: https://nextjs.org/docs/messages/next-image-upgrade-to-13 @ http://localhost:3000/_next/static/chunks/node_modules_next_dist_4b2403f5._.js:2294
[     929ms] [WARNING] Image with src "/cert2card.avif" has legacy prop "objectFit". Did you forget to run the codemod?
Read more: https://nextjs.org/docs/messages/next-image-upgrade-to-13 @ http://localhost:3000/_next/static/chunks/node_modules_next_dist_4b2403f5._.js:2294
[     931ms] [WARNING] Image with src "/cert3card.avif" has legacy prop "layout". Did you forget to run the codemod?
Read more: https://nextjs.org/docs/messages/next-image-upgrade-to-13 @ http://localhost:3000/_next/static/chunks/node_modules_next_dist_4b2403f5._.js:2294
[     931ms] [WARNING] Image with src "/cert3card.avif" has legacy prop "objectFit". Did you forget to run the codemod?
Read more: https://nextjs.org/docs/messages/next-image-upgrade-to-13 @ http://localhost:3000/_next/static/chunks/node_modules_next_dist_4b2403f5._.js:2294
[     935ms] [WARNING] Image with src "/cert4card.avif" has legacy prop "layout". Did you forget to run the codemod?
Read more: https://nextjs.org/docs/messages/next-image-upgrade-to-13 @ http://localhost:3000/_next/static/chunks/node_modules_next_dist_4b2403f5._.js:2294
[     936ms] [WARNING] Image with src "/cert4card.avif" has legacy prop "objectFit". Did you forget to run the codemod?
Read more: https://nextjs.org/docs/messages/next-image-upgrade-to-13 @ http://localhost:3000/_next/static/chunks/node_modules_next_dist_4b2403f5._.js:2294
[     937ms] [WARNING] Image with src "/blankcard.avif" has legacy prop "layout". Did you forget to run the codemod?
Read more: https://nextjs.org/docs/messages/next-image-upgrade-to-13 @ http://localhost:3000/_next/static/chunks/node_modules_next_dist_4b2403f5._.js:2294
[     937ms] [WARNING] Image with src "/blankcard.avif" has legacy prop "objectFit". Did you forget to run the codemod?
Read more: https://nextjs.org/docs/messages/next-image-upgrade-to-13 @ http://localhost:3000/_next/static/chunks/node_modules_next_dist_4b2403f5._.js:2294
[     939ms] [WARNING] Image with src "/frontoffolder.avif" has legacy prop "layout". Did you forget to run the codemod?
Read more: https://nextjs.org/docs/messages/next-image-upgrade-to-13 @ http://localhost:3000/_next/static/chunks/node_modules_next_dist_4b2403f5._.js:2294
[     939ms] [WARNING] Image with src "/frontoffolder.avif" has legacy prop "objectFit". Did you forget to run the codemod?
Read more: https://nextjs.org/docs/messages/next-image-upgrade-to-13 @ http://localhost:3000/_next/static/chunks/node_modules_next_dist_4b2403f5._.js:2294
[    2328ms] [WARNING] Image with src "/footer1.png" has legacy prop "layout". Did you forget to run the codemod?
Read more: https://nextjs.org/docs/messages/next-image-upgrade-to-13 @ http://localhost:3000/_next/static/chunks/node_modules_next_dist_4b2403f5._.js:2294
[    2328ms] [WARNING] Image with src "/footer1.png" has legacy prop "objectFit". Did you forget to run the codemod?
Read more: https://nextjs.org/docs/messages/next-image-upgrade-to-13 @ http://localhost:3000/_next/static/chunks/node_modules_next_dist_4b2403f5._.js:2294
[    2500ms] [WARNING] Image with src "/image.png" has "fill" but is missing "sizes" prop. Please add it to improve page performance. Read more: https://nextjs.org/docs/api-reference/next/image#sizes @ http://localhost:3000/_next/static/chunks/node_modules_next_dist_4b2403f5._.js:2294
[    2503ms] [WARNING] Image with src "/Screenshot 2025-11-04 151958.png" has "fill" but is missing "sizes" prop. Please add it to improve page performance. Read more: https://nextjs.org/docs/api-reference/next/image#sizes @ http://localhost:3000/_next/static/chunks/node_modules_next_dist_4b2403f5._.js:2294
[    2505ms] [WARNING] Please ensure that the container has a non-static position, like 'relative', 'fixed', or 'absolute' to ensure scroll offset is calculated correctly. @ http://localhost:3000/_next/static/chunks/node_modules_next_dist_4b2403f5._.js:2294
[    2538ms] [WARNING] Image with src "/Screen Recording 2025-06-19 190312 (online-video-cutter.com) (online-video-cutter.com).gif" has "fill" but is missing "sizes" prop. Please add it to improve page performance. Read more: https://nextjs.org/docs/api-reference/next/image#sizes @ http://localhost:3000/_next/static/chunks/node_modules_next_dist_4b2403f5._.js:2294
[    2557ms] [WARNING] Image with src "/timeline-1_5LZllUKN.gif" has "fill" but is missing "sizes" prop. Please add it to improve page performance. Read more: https://nextjs.org/docs/api-reference/next/image#sizes @ http://localhost:3000/_next/static/chunks/node_modules_next_dist_4b2403f5._.js:2294
[    2854ms] [LOG] [Fast Refresh] rebuilding @ http://localhost:3000/_next/static/chunks/node_modules_next_dist_4b2403f5._.js:2294
[    2905ms] [LOG] [Fast Refresh] done in 167ms @ http://localhost:3000/_next/static/chunks/node_modules_next_dist_4b2403f5._.js:2294
[    3015ms] [LOG] [Fast Refresh] rebuilding @ http://localhost:3000/_next/static/chunks/node_modules_next_dist_4b2403f5._.js:2294
[    3070ms] [LOG] [Fast Refresh] done in 165ms @ http://localhost:3000/_next/static/chunks/node_modules_next_dist_4b2403f5._.js:2294
[    3211ms] [LOG] [Fast Refresh] rebuilding @ http://localhost:3000/_next/static/chunks/node_modules_next_dist_4b2403f5._.js:2294
[    3211ms] [LOG] [Fast Refresh] done in 140ms @ http://localhost:3000/_next/static/chunks/node_modules_next_dist_4b2403f5._.js:2294
[    3386ms] [LOG] [Fast Refresh] rebuilding @ http://localhost:3000/_next/static/chunks/node_modules_next_dist_4b2403f5._.js:2294
[    3437ms] [LOG] [Fast Refresh] done in 165ms @ http://localhost:3000/_next/static/chunks/node_modules_next_dist_4b2403f5._.js:2294
[    3733ms] [LOG] [Fast Refresh] rebuilding @ http://localhost:3000/_next/static/chunks/node_modules_next_dist_4b2403f5._.js:2294
[    3790ms] [LOG] [Fast Refresh] done in 170ms @ http://localhost:3000/_next/static/chunks/node_modules_next_dist_4b2403f5._.js:2294
[    4004ms] [LOG] [Fast Refresh] rebuilding @ http://localhost:3000/_next/static/chunks/node_modules_next_dist_4b2403f5._.js:2294
[    4054ms] [LOG] [Fast Refresh] done in 168ms @ http://localhost:3000/_next/static/chunks/node_modules_next_dist_4b2403f5._.js:2294
[    4335ms] [LOG] [Fast Refresh] rebuilding @ http://localhost:3000/_next/static/chunks/node_modules_next_dist_4b2403f5._.js:2294
[    4353ms] [LOG] [Fast Refresh] done in 132ms @ http://localhost:3000/_next/static/chunks/node_modules_next_dist_4b2403f5._.js:2294
[    4635ms] [LOG] [Fast Refresh] rebuilding @ http://localhost:3000/_next/static/chunks/node_modules_next_dist_4b2403f5._.js:2294
[    4636ms] [LOG] [Fast Refresh] done in 117ms @ http://localhost:3000/_next/static/chunks/node_modules_next_dist_4b2403f5._.js:2294
[    4934ms] [LOG] [Fast Refresh] rebuilding @ http://localhost:3000/_next/static/chunks/node_modules_next_dist_4b2403f5._.js:2294
[    4935ms] [LOG] [Fast Refresh] done in 115ms @ http://localhost:3000/_next/static/chunks/node_modules_next_dist_4b2403f5._.js:2294
[   12553ms] [LOG] [Fast Refresh] rebuilding @ http://localhost:3000/_next/static/chunks/node_modules_next_dist_4b2403f5._.js:2294
[   12675ms] [LOG] [Fast Refresh] done in 229ms @ http://localhost:3000/_next/static/chunks/node_modules_next_dist_4b2403f5._.js:2294
[   12870ms] [INFO] %cDownload the React DevTools for a better development experience: https://react.dev/link/react-devtools font-weight:bold @ http://localhost:3000/_next/static/chunks/node_modules_next_dist_4b2403f5._.js:2294
[   12902ms] [LOG] [HMR] connected @ http://localhost:3000/_next/static/chunks/node_modules_next_dist_4b2403f5._.js:2294
[   12992ms] [WARNING] Image with src "/backoffolder.avif" has legacy prop "layout". Did you forget to run the codemod?
Read more: https://nextjs.org/docs/messages/next-image-upgrade-to-13 @ http://localhost:3000/_next/static/chunks/node_modules_next_dist_4b2403f5._.js:2294
[   12992ms] [WARNING] Image with src "/backoffolder.avif" has legacy prop "objectFit". Did you forget to run the codemod?
Read more: https://nextjs.org/docs/messages/next-image-upgrade-to-13 @ http://localhost:3000/_next/static/chunks/node_modules_next_dist_4b2403f5._.js:2294
[   12993ms] [WARNING] Image with src "/cert1card.avif" has legacy prop "layout". Did you forget to run the codemod?
Read more: https://nextjs.org/docs/messages/next-image-upgrade-to-13 @ http://localhost:3000/_next/static/chunks/node_modules_next_dist_4b2403f5._.js:2294
[   12993ms] [WARNING] Image with src "/cert1card.avif" has legacy prop "objectFit". Did you forget to run the codemod?
Read more: https://nextjs.org/docs/messages/next-image-upgrade-to-13 @ http://localhost:3000/_next/static/chunks/node_modules_next_dist_4b2403f5._.js:2294
[   12994ms] [WARNING] Image with src "/cert2card.avif" has legacy prop "layout". Did you forget to run the codemod?
Read more: https://nextjs.org/docs/messages/next-image-upgrade-to-13 @ http://localhost:3000/_next/static/chunks/node_modules_next_dist_4b2403f5._.js:2294
[   12994ms] [WARNING] Image with src "/cert2card.avif" has legacy prop "objectFit". Did you forget to run the codemod?
Read more: https://nextjs.org/docs/messages/next-image-upgrade-to-13 @ http://localhost:3000/_next/static/chunks/node_modules_next_dist_4b2403f5._.js:2294
[   12995ms] [WARNING] Image with src "/cert3card.avif" has legacy prop "layout". Did you forget to run the codemod?
Read more: https://nextjs.org/docs/messages/next-image-upgrade-to-13 @ http://localhost:3000/_next/static/chunks/node_modules_next_dist_4b2403f5._.js:2294
[   12995ms] [WARNING] Image with src "/cert3card.avif" has legacy prop "objectFit". Did you forget to run the codemod?
Read more: https://nextjs.org/docs/messages/next-image-upgrade-to-13 @ http://localhost:3000/_next/static/chunks/node_modules_next_dist_4b2403f5._.js:2294
[   12996ms] [WARNING] Image with src "/cert4card.avif" has legacy prop "layout". Did you forget to run the codemod?
Read more: https://nextjs.org/docs/messages/next-image-upgrade-to-13 @ http://localhost:3000/_next/static/chunks/node_modules_next_dist_4b2403f5._.js:2294
[   12996ms] [WARNING] Image with src "/cert4card.avif" has legacy prop "objectFit". Did you forget to run the codemod?
Read more: https://nextjs.org/docs/messages/next-image-upgrade-to-13 @ http://localhost:3000/_next/static/chunks/node_modules_next_dist_4b2403f5._.js:2294
[   12997ms] [WARNING] Image with src "/blankcard.avif" has legacy prop "layout". Did you forget to run the codemod?
Read more: https://nextjs.org/docs/messages/next-image-upgrade-to-13 @ http://localhost:3000/_next/static/chunks/node_modules_next_dist_4b2403f5._.js:2294
[   12997ms] [WARNING] Image with src "/blankcard.avif" has legacy prop "objectFit". Did you forget to run the codemod?
Read more: https://nextjs.org/docs/messages/next-image-upgrade-to-13 @ http://localhost:3000/_next/static/chunks/node_modules_next_dist_4b2403f5._.js:2294
[   12998ms] [WARNING] Image with src "/frontoffolder.avif" has legacy prop "layout". Did you forget to run the codemod?
Read more: https://nextjs.org/docs/messages/next-image-upgrade-to-13 @ http://localhost:3000/_next/static/chunks/node_modules_next_dist_4b2403f5._.js:2294
[   12998ms] [WARNING] Image with src "/frontoffolder.avif" has legacy prop "objectFit". Did you forget to run the codemod?
Read more: https://nextjs.org/docs/messages/next-image-upgrade-to-13 @ http://localhost:3000/_next/static/chunks/node_modules_next_dist_4b2403f5._.js:2294
[   13005ms] [WARNING] Image with src "/footer1.png" has legacy prop "layout". Did you forget to run the codemod?
Read more: https://nextjs.org/docs/messages/next-image-upgrade-to-13 @ http://localhost:3000/_next/static/chunks/node_modules_next_dist_4b2403f5._.js:2294
[   13006ms] [WARNING] Image with src "/footer1.png" has legacy prop "objectFit". Did you forget to run the codemod?
Read more: https://nextjs.org/docs/messages/next-image-upgrade-to-13 @ http://localhost:3000/_next/static/chunks/node_modules_next_dist_4b2403f5._.js:2294
[   13046ms] [WARNING] Please ensure that the container has a non-static position, like 'relative', 'fixed', or 'absolute' to ensure scroll offset is calculated correctly. @ http://localhost:3000/_next/static/chunks/node_modules_next_dist_4b2403f5._.js:2294
[   13365ms] [LOG] [Fast Refresh] rebuilding @ http://localhost:3000/_next/static/chunks/node_modules_next_dist_4b2403f5._.js:2294
[   13402ms] [LOG] [Fast Refresh] done in 149ms @ http://localhost:3000/_next/static/chunks/node_modules_next_dist_4b2403f5._.js:2294
[   13570ms] [LOG] [Fast Refresh] rebuilding @ http://localhost:3000/_next/static/chunks/node_modules_next_dist_4b2403f5._.js:2294
[   13637ms] [LOG] [Fast Refresh] done in 167ms @ http://localhost:3000/_next/static/chunks/node_modules_next_dist_4b2403f5._.js:2294
[   13753ms] [LOG] [Fast Refresh] rebuilding @ http://localhost:3000/_next/static/chunks/node_modules_next_dist_4b2403f5._.js:2294
[   13771ms] [LOG] [Fast Refresh] done in 118ms @ http://localhost:3000/_next/static/chunks/node_modules_next_dist_4b2403f5._.js:2294
[   13887ms] [LOG] [Fast Refresh] rebuilding @ http://localhost:3000/_next/static/chunks/node_modules_next_dist_4b2403f5._.js:2294
[   13919ms] [LOG] [Fast Refresh] done in 147ms @ http://localhost:3000/_next/static/chunks/node_modules_next_dist_4b2403f5._.js:2294
[   14120ms] [LOG] [Fast Refresh] rebuilding @ http://localhost:3000/_next/static/chunks/node_modules_next_dist_4b2403f5._.js:2294
[   14132ms] [LOG] [Fast Refresh] done in 112ms @ http://localhost:3000/_next/static/chunks/node_modules_next_dist_4b2403f5._.js:2294
[   14402ms] [LOG] [Fast Refresh] rebuilding @ http://localhost:3000/_next/static/chunks/node_modules_next_dist_4b2403f5._.js:2294
[   14469ms] [LOG] [Fast Refresh] done in 167ms @ http://localhost:3000/_next/static/chunks/node_modules_next_dist_4b2403f5._.js:2294
[   14633ms] [LOG] [Fast Refresh] rebuilding @ http://localhost:3000/_next/static/chunks/node_modules_next_dist_4b2403f5._.js:2294
[   14635ms] [LOG] [Fast Refresh] done in 115ms @ http://localhost:3000/_next/static/chunks/node_modules_next_dist_4b2403f5._.js:2294
[   14966ms] [LOG] [Fast Refresh] rebuilding @ http://localhost:3000/_next/static/chunks/node_modules_next_dist_4b2403f5._.js:2294
[   15037ms] [LOG] [Fast Refresh] done in 180ms @ http://localhost:3000/_next/static/chunks/node_modules_next_dist_4b2403f5._.js:2294
[   15252ms] [LOG] [Fast Refresh] rebuilding @ http://localhost:3000/_next/static/chunks/node_modules_next_dist_4b2403f5._.js:2294
[   15271ms] [LOG] [Fast Refresh] done in 130ms @ http://localhost:3000/_next/static/chunks/node_modules_next_dist_4b2403f5._.js:2294
[   15552ms] [LOG] [Fast Refresh] rebuilding @ http://localhost:3000/_next/static/chunks/node_modules_next_dist_4b2403f5._.js:2294
[   15572ms] [LOG] [Fast Refresh] done in 134ms @ http://localhost:3000/_next/static/chunks/node_modules_next_dist_4b2403f5._.js:2294
[   15836ms] [LOG] [Fast Refresh] rebuilding @ http://localhost:3000/_next/static/chunks/node_modules_next_dist_4b2403f5._.js:2294
[   15858ms] [LOG] [Fast Refresh] done in 137ms @ http://localhost:3000/_next/static/chunks/node_modules_next_dist_4b2403f5._.js:2294
[   17371ms] [WARNING] Image with src "/backoffolder.avif" has "fill" but is missing "sizes" prop. Please add it to improve page performance. Read more: https://nextjs.org/docs/api-reference/next/image#sizes @ http://localhost:3000/_next/static/chunks/node_modules_next_dist_4b2403f5._.js:2294
[   17371ms] [WARNING] Image with src "/cert1card.avif" has "fill" but is missing "sizes" prop. Please add it to improve page performance. Read more: https://nextjs.org/docs/api-reference/next/image#sizes @ http://localhost:3000/_next/static/chunks/node_modules_next_dist_4b2403f5._.js:2294
[   17372ms] [WARNING] Image with src "/cert2card.avif" has "fill" but is missing "sizes" prop. Please add it to improve page performance. Read more: https://nextjs.org/docs/api-reference/next/image#sizes @ http://localhost:3000/_next/static/chunks/node_modules_next_dist_4b2403f5._.js:2294
[   17373ms] [WARNING] Image with src "/cert3card.avif" has "fill" but is missing "sizes" prop. Please add it to improve page performance. Read more: https://nextjs.org/docs/api-reference/next/image#sizes @ http://localhost:3000/_next/static/chunks/node_modules_next_dist_4b2403f5._.js:2294
[   17376ms] [WARNING] Image with src "/cert4card.avif" has "fill" but is missing "sizes" prop. Please add it to improve page performance. Read more: https://nextjs.org/docs/api-reference/next/image#sizes @ http://localhost:3000/_next/static/chunks/node_modules_next_dist_4b2403f5._.js:2294
[   17378ms] [WARNING] Image with src "/blankcard.avif" has "fill" but is missing "sizes" prop. Please add it to improve page performance. Read more: https://nextjs.org/docs/api-reference/next/image#sizes @ http://localhost:3000/_next/static/chunks/node_modules_next_dist_4b2403f5._.js:2294
[   17380ms] [WARNING] Image with src "/frontoffolder.avif" has "fill" but is missing "sizes" prop. Please add it to improve page performance. Read more: https://nextjs.org/docs/api-reference/next/image#sizes @ http://localhost:3000/_next/static/chunks/node_modules_next_dist_4b2403f5._.js:2294
[   17588ms] [LOG] [Fast Refresh] rebuilding @ http://localhost:3000/_next/static/chunks/node_modules_next_dist_4b2403f5._.js:2294
[   17588ms] [LOG] [Fast Refresh] done in 106ms @ http://localhost:3000/_next/static/chunks/node_modules_next_dist_4b2403f5._.js:2294
[   17871ms] [LOG] [Fast Refresh] rebuilding @ http://localhost:3000/_next/static/chunks/node_modules_next_dist_4b2403f5._.js:2294
[   17872ms] [LOG] [Fast Refresh] done in 102ms @ http://localhost:3000/_next/static/chunks/node_modules_next_dist_4b2403f5._.js:2294
[   17986ms] [LOG] [Fast Refresh] rebuilding @ http://localhost:3000/_next/static/chunks/node_modules_next_dist_4b2403f5._.js:2294
[   17987ms] [LOG] [Fast Refresh] done in 115ms @ http://localhost:3000/_next/static/chunks/node_modules_next_dist_4b2403f5._.js:2294
[   18334ms] [LOG] [Fast Refresh] rebuilding @ http://localhost:3000/_next/static/chunks/node_modules_next_dist_4b2403f5._.js:2294
[   18403ms] [LOG] [Fast Refresh] done in 180ms @ http://localhost:3000/_next/static/chunks/node_modules_next_dist_4b2403f5._.js:2294
[   18716ms] [LOG] [Fast Refresh] rebuilding @ http://localhost:3000/_next/static/chunks/node_modules_next_dist_4b2403f5._.js:2294
[   18737ms] [LOG] [Fast Refresh] done in 132ms @ http://localhost:3000/_next/static/chunks/node_modules_next_dist_4b2403f5._.js:2294
[   19016ms] [LOG] [Fast Refresh] rebuilding @ http://localhost:3000/_next/static/chunks/node_modules_next_dist_4b2403f5._.js:2294
[   19038ms] [LOG] [Fast Refresh] done in 133ms @ http://localhost:3000/_next/static/chunks/node_modules_next_dist_4b2403f5._.js:2294
[   19336ms] [LOG] [Fast Refresh] rebuilding @ http://localhost:3000/_next/static/chunks/node_modules_next_dist_4b2403f5._.js:2294
[   19339ms] [LOG] [Fast Refresh] done in 116ms @ http://localhost:3000/_next/static/chunks/node_modules_next_dist_4b2403f5._.js:2294
[   19652ms] [LOG] [Fast Refresh] rebuilding @ http://localhost:3000/_next/static/chunks/node_modules_next_dist_4b2403f5._.js:2294
[   19653ms] [LOG] [Fast Refresh] done in 116ms @ http://localhost:3000/_next/static/chunks/node_modules_next_dist_4b2403f5._.js:2294
[   19936ms] [LOG] [Fast Refresh] rebuilding @ http://localhost:3000/_next/static/chunks/node_modules_next_dist_4b2403f5._.js:2294
[   19956ms] [LOG] [Fast Refresh] done in 134ms @ http://localhost:3000/_next/static/chunks/node_modules_next_dist_4b2403f5._.js:2294
[   21768ms] [LOG] [Fast Refresh] rebuilding @ http://localhost:3000/_next/static/chunks/node_modules_next_dist_4b2403f5._.js:2294
[   21836ms] [LOG] [Fast Refresh] done in 178ms @ http://localhost:3000/_next/static/chunks/node_modules_next_dist_4b2403f5._.js:2294
[   22050ms] [LOG] [Fast Refresh] rebuilding @ http://localhost:3000/_next/static/chunks/node_modules_next_dist_4b2403f5._.js:2294
[   22105ms] [LOG] [Fast Refresh] done in 168ms @ http://localhost:3000/_next/static/chunks/node_modules_next_dist_4b2403f5._.js:2294
[   22334ms] [LOG] [Fast Refresh] rebuilding @ http://localhost:3000/_next/static/chunks/node_modules_next_dist_4b2403f5._.js:2294
[   22387ms] [LOG] [Fast Refresh] done in 167ms @ http://localhost:3000/_next/static/chunks/node_modules_next_dist_4b2403f5._.js:2294
[   22666ms] [LOG] [Fast Refresh] rebuilding @ http://localhost:3000/_next/static/chunks/node_modules_next_dist_4b2403f5._.js:2294
[   22735ms] [LOG] [Fast Refresh] done in 176ms @ http://localhost:3000/_next/static/chunks/node_modules_next_dist_4b2403f5._.js:2294
[   22950ms] [LOG] [Fast Refresh] rebuilding @ http://localhost:3000/_next/static/chunks/node_modules_next_dist_4b2403f5._.js:2294
[   23015ms] [LOG] [Fast Refresh] done in 174ms @ http://localhost:3000/_next/static/chunks/node_modules_next_dist_4b2403f5._.js:2294
[   23284ms] [LOG] [Fast Refresh] rebuilding @ http://localhost:3000/_next/static/chunks/node_modules_next_dist_4b2403f5._.js:2294
[   23302ms] [LOG] [Fast Refresh] done in 131ms @ http://localhost:3000/_next/static/chunks/node_modules_next_dist_4b2403f5._.js:2294
[   23602ms] [LOG] [Fast Refresh] rebuilding @ http://localhost:3000/_next/static/chunks/node_modules_next_dist_4b2403f5._.js:2294
[   23619ms] [LOG] [Fast Refresh] done in 132ms @ http://localhost:3000/_next/static/chunks/node_modules_next_dist_4b2403f5._.js:2294
[   23902ms] [LOG] [Fast Refresh] rebuilding @ http://localhost:3000/_next/static/chunks/node_modules_next_dist_4b2403f5._.js:2294
[   23902ms] [LOG] [Fast Refresh] done in 115ms @ http://localhost:3000/_next/static/chunks/node_modules_next_dist_4b2403f5._.js:2294
[   24185ms] [LOG] [Fast Refresh] rebuilding @ http://localhost:3000/_next/static/chunks/node_modules_next_dist_4b2403f5._.js:2294
[   24204ms] [LOG] [Fast Refresh] done in 133ms @ http://localhost:3000/_next/static/chunks/node_modules_next_dist_4b2403f5._.js:2294
[   25150ms] [LOG] [Fast Refresh] rebuilding @ http://localhost:3000/_next/static/chunks/node_modules_next_dist_4b2403f5._.js:2294
[   25219ms] [LOG] [Fast Refresh] done in 179ms @ http://localhost:3000/_next/static/chunks/node_modules_next_dist_4b2403f5._.js:2294
[   25435ms] [LOG] [Fast Refresh] rebuilding @ http://localhost:3000/_next/static/chunks/node_modules_next_dist_4b2403f5._.js:2294
[   25502ms] [LOG] [Fast Refresh] done in 178ms @ http://localhost:3000/_next/static/chunks/node_modules_next_dist_4b2403f5._.js:2294
[   25717ms] [LOG] [Fast Refresh] rebuilding @ http://localhost:3000/_next/static/chunks/node_modules_next_dist_4b2403f5._.js:2294
[   25786ms] [LOG] [Fast Refresh] done in 179ms @ http://localhost:3000/_next/static/chunks/node_modules_next_dist_4b2403f5._.js:2294
[   25917ms] [LOG] [Fast Refresh] rebuilding @ http://localhost:3000/_next/static/chunks/node_modules_next_dist_4b2403f5._.js:2294
[   25936ms] [LOG] [Fast Refresh] done in 132ms @ http://localhost:3000/_next/static/chunks/node_modules_next_dist_4b2403f5._.js:2294
[   26102ms] [LOG] [Fast Refresh] rebuilding @ http://localhost:3000/_next/static/chunks/node_modules_next_dist_4b2403f5._.js:2294
[   26104ms] [LOG] [Fast Refresh] done in 116ms @ http://localhost:3000/_next/static/chunks/node_modules_next_dist_4b2403f5._.js:2294
[   26301ms] [LOG] [Fast Refresh] rebuilding @ http://localhost:3000/_next/static/chunks/node_modules_next_dist_4b2403f5._.js:2294
[   26318ms] [LOG] [Fast Refresh] done in 130ms @ http://localhost:3000/_next/static/chunks/node_modules_next_dist_4b2403f5._.js:2294
[   26601ms] [LOG] [Fast Refresh] rebuilding @ http://localhost:3000/_next/static/chunks/node_modules_next_dist_4b2403f5._.js:2294
[   26669ms] [LOG] [Fast Refresh] done in 177ms @ http://localhost:3000/_next/static/chunks/node_modules_next_dist_4b2403f5._.js:2294
[   27015ms] [LOG] [Fast Refresh] rebuilding @ http://localhost:3000/_next/static/chunks/node_modules_next_dist_4b2403f5._.js:2294
[   27036ms] [LOG] [Fast Refresh] done in 133ms @ http://localhost:3000/_next/static/chunks/node_modules_next_dist_4b2403f5._.js:2294
[   27319ms] [LOG] [Fast Refresh] rebuilding @ http://localhost:3000/_next/static/chunks/node_modules_next_dist_4b2403f5._.js:2294
[   27386ms] [LOG] [Fast Refresh] done in 180ms @ http://localhost:3000/_next/static/chunks/node_modules_next_dist_4b2403f5._.js:2294
[   27600ms] [LOG] [Fast Refresh] rebuilding @ http://localhost:3000/_next/static/chunks/node_modules_next_dist_4b2403f5._.js:2294
[   27603ms] [LOG] [Fast Refresh] done in 115ms @ http://localhost:3000/_next/static/chunks/node_modules_next_dist_4b2403f5._.js:2294
[   27873ms] [LOG] [Fast Refresh] rebuilding @ http://localhost:3000/_next/static/chunks/node_modules_next_dist_4b2403f5._.js:2294
[   27875ms] [LOG] [Fast Refresh] done in 105ms @ http://localhost:3000/_next/static/chunks/node_modules_next_dist_4b2403f5._.js:2294
[   28168ms] [LOG] [Fast Refresh] rebuilding @ http://localhost:3000/_next/static/chunks/node_modules_next_dist_4b2403f5._.js:2294
[   28187ms] [LOG] [Fast Refresh] done in 129ms @ http://localhost:3000/_next/static/chunks/node_modules_next_dist_4b2403f5._.js:2294
[   29619ms] [LOG] [Fast Refresh] rebuilding @ http://localhost:3000/_next/static/chunks/node_modules_next_dist_4b2403f5._.js:2294
[   29639ms] [LOG] [Fast Refresh] done in 133ms @ http://localhost:3000/_next/static/chunks/node_modules_next_dist_4b2403f5._.js:2294
[   29920ms] [LOG] [Fast Refresh] rebuilding @ http://localhost:3000/_next/static/chunks/node_modules_next_dist_4b2403f5._.js:2294
[   29985ms] [LOG] [Fast Refresh] done in 179ms @ http://localhost:3000/_next/static/chunks/node_modules_next_dist_4b2403f5._.js:2294
[   30304ms] [LOG] [Fast Refresh] rebuilding @ http://localhost:3000/_next/static/chunks/node_modules_next_dist_4b2403f5._.js:2294
[   30370ms] [LOG] [Fast Refresh] done in 168ms @ http://localhost:3000/_next/static/chunks/node_modules_next_dist_4b2403f5._.js:2294
[   30700ms] [LOG] [Fast Refresh] rebuilding @ http://localhost:3000/_next/static/chunks/node_modules_next_dist_4b2403f5._.js:2294
[   30718ms] [LOG] [Fast Refresh] done in 129ms @ http://localhost:3000/_next/static/chunks/node_modules_next_dist_4b2403f5._.js:2294
[   30999ms] [LOG] [Fast Refresh] rebuilding @ http://localhost:3000/_next/static/chunks/node_modules_next_dist_4b2403f5._.js:2294
[   31069ms] [LOG] [Fast Refresh] done in 184ms @ http://localhost:3000/_next/static/chunks/node_modules_next_dist_4b2403f5._.js:2294
[   31235ms] [LOG] [Fast Refresh] rebuilding @ http://localhost:3000/_next/static/chunks/node_modules_next_dist_4b2403f5._.js:2294
[   31237ms] [LOG] [Fast Refresh] done in 115ms @ http://localhost:3000/_next/static/chunks/node_modules_next_dist_4b2403f5._.js:2294
[   31419ms] [LOG] [Fast Refresh] rebuilding @ http://localhost:3000/_next/static/chunks/node_modules_next_dist_4b2403f5._.js:2294
[   31420ms] [LOG] [Fast Refresh] done in 114ms @ http://localhost:3000/_next/static/chunks/node_modules_next_dist_4b2403f5._.js:2294
[   31601ms] [LOG] [Fast Refresh] rebuilding @ http://localhost:3000/_next/static/chunks/node_modules_next_dist_4b2403f5._.js:2294
[   31621ms] [LOG] [Fast Refresh] done in 133ms @ http://localhost:3000/_next/static/chunks/node_modules_next_dist_4b2403f5._.js:2294
[   31784ms] [LOG] [Fast Refresh] rebuilding @ http://localhost:3000/_next/static/chunks/node_modules_next_dist_4b2403f5._.js:2294
[   31787ms] [LOG] [Fast Refresh] done in 116ms @ http://localhost:3000/_next/static/chunks/node_modules_next_dist_4b2403f5._.js:2294
[   32084ms] [LOG] [Fast Refresh] rebuilding @ http://localhost:3000/_next/static/chunks/node_modules_next_dist_4b2403f5._.js:2294
[   32086ms] [LOG] [Fast Refresh] done in 110ms @ http://localhost:3000/_next/static/chunks/node_modules_next_dist_4b2403f5._.js:2294
[   32384ms] [LOG] [Fast Refresh] rebuilding @ http://localhost:3000/_next/static/chunks/node_modules_next_dist_4b2403f5._.js:2294
[   32387ms] [LOG] [Fast Refresh] done in 115ms @ http://localhost:3000/_next/static/chunks/node_modules_next_dist_4b2403f5._.js:2294
[   32682ms] [LOG] [Fast Refresh] rebuilding @ http://localhost:3000/_next/static/chunks/node_modules_next_dist_4b2403f5._.js:2294
[   32685ms] [LOG] [Fast Refresh] done in 115ms @ http://localhost:3000/_next/static/chunks/node_modules_next_dist_4b2403f5._.js:2294
[   32967ms] [LOG] [Fast Refresh] rebuilding @ http://localhost:3000/_next/static/chunks/node_modules_next_dist_4b2403f5._.js:2294
[   33118ms] [LOG] [Fast Refresh] done in 262ms @ http://localhost:3000/_next/static/chunks/node_modules_next_dist_4b2403f5._.js:2294
[   33451ms] [LOG] [Fast Refresh] rebuilding @ http://localhost:3000/_next/static/chunks/node_modules_next_dist_4b2403f5._.js:2294
[   33471ms] [LOG] [Fast Refresh] done in 132ms @ http://localhost:3000/_next/static/chunks/node_modules_next_dist_4b2403f5._.js:2294
[   33751ms] [LOG] [Fast Refresh] rebuilding @ http://localhost:3000/_next/static/chunks/node_modules_next_dist_4b2403f5._.js:2294
[   33818ms] [LOG] [Fast Refresh] done in 178ms @ http://localhost:3000/_next/static/chunks/node_modules_next_dist_4b2403f5._.js:2294
[   34033ms] [LOG] [Fast Refresh] rebuilding @ http://localhost:3000/_next/static/chunks/node_modules_next_dist_4b2403f5._.js:2294
[   34035ms] [LOG] [Fast Refresh] done in 114ms @ http://localhost:3000/_next/static/chunks/node_modules_next_dist_4b2403f5._.js:2294
[   35267ms] [LOG] [Fast Refresh] rebuilding @ http://localhost:3000/_next/static/chunks/node_modules_next_dist_4b2403f5._.js:2294
[   35286ms] [LOG] [Fast Refresh] done in 133ms @ http://localhost:3000/_next/static/chunks/node_modules_next_dist_4b2403f5._.js:2294
[   35567ms] [LOG] [Fast Refresh] rebuilding @ http://localhost:3000/_next/static/chunks/node_modules_next_dist_4b2403f5._.js:2294
[   35567ms] [LOG] [Fast Refresh] done in 115ms @ http://localhost:3000/_next/static/chunks/node_modules_next_dist_4b2403f5._.js:2294
[   36202ms] [WARNING] Image with src "/footer1.png" was detected as the Largest Contentful Paint (LCP). Please add the `loading="eager"` property if this image is above the fold.
Read more: https://nextjs.org/docs/app/api-reference/components/image#loading @ http://localhost:3000/_next/static/chunks/node_modules_next_dist_4b2403f5._.js:2294
[   36401ms] [LOG] [Fast Refresh] rebuilding @ http://localhost:3000/_next/static/chunks/node_modules_next_dist_4b2403f5._.js:2294
[   36438ms] [LOG] [Fast Refresh] done in 149ms @ http://localhost:3000/_next/static/chunks/node_modules_next_dist_4b2403f5._.js:2294
[   36733ms] [LOG] [Fast Refresh] rebuilding @ http://localhost:3000/_next/static/chunks/node_modules_next_dist_4b2403f5._.js:2294
[   36736ms] [LOG] [Fast Refresh] done in 115ms @ http://localhost:3000/_next/static/chunks/node_modules_next_dist_4b2403f5._.js:2294
[   36849ms] [LOG] [Fast Refresh] rebuilding @ http://localhost:3000/_next/static/chunks/node_modules_next_dist_4b2403f5._.js:2294
[   36855ms] [LOG] [Fast Refresh] done in 118ms @ http://localhost:3000/_next/static/chunks/node_modules_next_dist_4b2403f5._.js:2294
[   37032ms] [LOG] [Fast Refresh] rebuilding @ http://localhost:3000/_next/static/chunks/node_modules_next_dist_4b2403f5._.js:2294
[   37052ms] [LOG] [Fast Refresh] done in 129ms @ http://localhost:3000/_next/static/chunks/node_modules_next_dist_4b2403f5._.js:2294
[   37218ms] [LOG] [Fast Refresh] rebuilding @ http://localhost:3000/_next/static/chunks/node_modules_next_dist_4b2403f5._.js:2294
[   37218ms] [LOG] [Fast Refresh] done in 113ms @ http://localhost:3000/_next/static/chunks/node_modules_next_dist_4b2403f5._.js:2294
[   37385ms] [LOG] [Fast Refresh] rebuilding @ http://localhost:3000/_next/static/chunks/node_modules_next_dist_4b2403f5._.js:2294
[   37386ms] [LOG] [Fast Refresh] done in 116ms @ http://localhost:3000/_next/static/chunks/node_modules_next_dist_4b2403f5._.js:2294
[   37568ms] [LOG] [Fast Refresh] rebuilding @ http://localhost:3000/_next/static/chunks/node_modules_next_dist_4b2403f5._.js:2294
[   37587ms] [LOG] [Fast Refresh] done in 131ms @ http://localhost:3000/_next/static/chunks/node_modules_next_dist_4b2403f5._.js:2294
[   37751ms] [LOG] [Fast Refresh] rebuilding @ http://localhost:3000/_next/static/chunks/node_modules_next_dist_4b2403f5._.js:2294
[   37770ms] [LOG] [Fast Refresh] done in 129ms @ http://localhost:3000/_next/static/chunks/node_modules_next_dist_4b2403f5._.js:2294
[   37920ms] [LOG] [Fast Refresh] rebuilding @ http://localhost:3000/_next/static/chunks/node_modules_next_dist_4b2403f5._.js:2294
[   37936ms] [LOG] [Fast Refresh] done in 117ms @ http://localhost:3000/_next/static/chunks/node_modules_next_dist_4b2403f5._.js:2294
[   38285ms] [LOG] [Fast Refresh] rebuilding @ http://localhost:3000/_next/static/chunks/node_modules_next_dist_4b2403f5._.js:2294
[   38337ms] [LOG] [Fast Refresh] done in 167ms @ http://localhost:3000/_next/static/chunks/node_modules_next_dist_4b2403f5._.js:2294
[   38551ms] [LOG] [Fast Refresh] rebuilding @ http://localhost:3000/_next/static/chunks/node_modules_next_dist_4b2403f5._.js:2294
[   38570ms] [LOG] [Fast Refresh] done in 131ms @ http://localhost:3000/_next/static/chunks/node_modules_next_dist_4b2403f5._.js:2294
[   38866ms] [LOG] [Fast Refresh] rebuilding @ http://localhost:3000/_next/static/chunks/node_modules_next_dist_4b2403f5._.js:2294
[   38919ms] [LOG] [Fast Refresh] done in 163ms @ http://localhost:3000/_next/static/chunks/node_modules_next_dist_4b2403f5._.js:2294
[   39202ms] [LOG] [Fast Refresh] rebuilding @ http://localhost:3000/_next/static/chunks/node_modules_next_dist_4b2403f5._.js:2294
[   39255ms] [LOG] [Fast Refresh] done in 165ms @ http://localhost:3000/_next/static/chunks/node_modules_next_dist_4b2403f5._.js:2294
[   39520ms] [LOG] [Fast Refresh] rebuilding @ http://localhost:3000/_next/static/chunks/node_modules_next_dist_4b2403f5._.js:2294
[   39537ms] [LOG] [Fast Refresh] done in 117ms @ http://localhost:3000/_next/static/chunks/node_modules_next_dist_4b2403f5._.js:2294
[   39817ms] [LOG] [Fast Refresh] rebuilding @ http://localhost:3000/_next/static/chunks/node_modules_next_dist_4b2403f5._.js:2294
[   39835ms] [LOG] [Fast Refresh] done in 130ms @ http://localhost:3000/_next/static/chunks/node_modules_next_dist_4b2403f5._.js:2294
[   40118ms] [LOG] [Fast Refresh] rebuilding @ http://localhost:3000/_next/static/chunks/node_modules_next_dist_4b2403f5._.js:2294
[   40121ms] [LOG] [Fast Refresh] done in 113ms @ http://localhost:3000/_next/static/chunks/node_modules_next_dist_4b2403f5._.js:2294
[   40401ms] [LOG] [Fast Refresh] rebuilding @ http://localhost:3000/_next/static/chunks/node_modules_next_dist_4b2403f5._.js:2294
[   40419ms] [LOG] [Fast Refresh] done in 129ms @ http://localhost:3000/_next/static/chunks/node_modules_next_dist_4b2403f5._.js:2294
[   40701ms] [LOG] [Fast Refresh] rebuilding @ http://localhost:3000/_next/static/chunks/node_modules_next_dist_4b2403f5._.js:2294
[   40719ms] [LOG] [Fast Refresh] done in 130ms @ http://localhost:3000/_next/static/chunks/node_modules_next_dist_4b2403f5._.js:2294
[   40999ms] [LOG] [Fast Refresh] rebuilding @ http://localhost:3000/_next/static/chunks/node_modules_next_dist_4b2403f5._.js:2294
[   41053ms] [LOG] [Fast Refresh] done in 164ms @ http://localhost:3000/_next/static/chunks/node_modules_next_dist_4b2403f5._.js:2294
[  105377ms] [LOG] [Fast Refresh] rebuilding @ http://localhost:3000/_next/static/chunks/node_modules_next_dist_4b2403f5._.js:2294
[  105518ms] [LOG] [Fast Refresh] done in 249ms @ http://localhost:3000/_next/static/chunks/node_modules_next_dist_4b2403f5._.js:2294
[  105687ms] [INFO] %cDownload the React DevTools for a better development experience: https://react.dev/link/react-devtools font-weight:bold @ http://localhost:3000/_next/static/chunks/node_modules_next_dist_4b2403f5._.js:2294
[  105719ms] [LOG] [HMR] connected @ http://localhost:3000/_next/static/chunks/node_modules_next_dist_4b2403f5._.js:2294
[  105871ms] [WARNING] Image with src "/backoffolder.avif" has legacy prop "layout". Did you forget to run the codemod?
Read more: https://nextjs.org/docs/messages/next-image-upgrade-to-13 @ http://localhost:3000/_next/static/chunks/node_modules_next_dist_4b2403f5._.js:2294
[  105872ms] [WARNING] Image with src "/backoffolder.avif" has legacy prop "objectFit". Did you forget to run the codemod?
Read more: https://nextjs.org/docs/messages/next-image-upgrade-to-13 @ http://localhost:3000/_next/static/chunks/node_modules_next_dist_4b2403f5._.js:2294
[  105873ms] [WARNING] Image with src "/cert1card.avif" has legacy prop "layout". Did you forget to run the codemod?
Read more: https://nextjs.org/docs/messages/next-image-upgrade-to-13 @ http://localhost:3000/_next/static/chunks/node_modules_next_dist_4b2403f5._.js:2294
[  105873ms] [WARNING] Image with src "/cert1card.avif" has legacy prop "objectFit". Did you forget to run the codemod?
Read more: https://nextjs.org/docs/messages/next-image-upgrade-to-13 @ http://localhost:3000/_next/static/chunks/node_modules_next_dist_4b2403f5._.js:2294
[  105874ms] [WARNING] Image with src "/cert2card.avif" has legacy prop "layout". Did you forget to run the codemod?
Read more: https://nextjs.org/docs/messages/next-image-upgrade-to-13 @ http://localhost:3000/_next/static/chunks/node_modules_next_dist_4b2403f5._.js:2294
[  105874ms] [WARNING] Image with src "/cert2card.avif" has legacy prop "objectFit". Did you forget to run the codemod?
Read more: https://nextjs.org/docs/messages/next-image-upgrade-to-13 @ http://localhost:3000/_next/static/chunks/node_modules_next_dist_4b2403f5._.js:2294
[  105875ms] [WARNING] Image with src "/cert3card.avif" has legacy prop "layout". Did you forget to run the codemod?
Read more: https://nextjs.org/docs/messages/next-image-upgrade-to-13 @ http://localhost:3000/_next/static/chunks/node_modules_next_dist_4b2403f5._.js:2294
[  105875ms] [WARNING] Image with src "/cert3card.avif" has legacy prop "objectFit". Did you forget to run the codemod?
Read more: https://nextjs.org/docs/messages/next-image-upgrade-to-13 @ http://localhost:3000/_next/static/chunks/node_modules_next_dist_4b2403f5._.js:2294
[  105876ms] [WARNING] Image with src "/cert4card.avif" has legacy prop "layout". Did you forget to run the codemod?
Read more: https://nextjs.org/docs/messages/next-image-upgrade-to-13 @ http://localhost:3000/_next/static/chunks/node_modules_next_dist_4b2403f5._.js:2294
[  105876ms] [WARNING] Image with src "/cert4card.avif" has legacy prop "objectFit". Did you forget to run the codemod?
Read more: https://nextjs.org/docs/messages/next-image-upgrade-to-13 @ http://localhost:3000/_next/static/chunks/node_modules_next_dist_4b2403f5._.js:2294
[  105881ms] [WARNING] Image with src "/blankcard.avif" has legacy prop "layout". Did you forget to run the codemod?
Read more: https://nextjs.org/docs/messages/next-image-upgrade-to-13 @ http://localhost:3000/_next/static/chunks/node_modules_next_dist_4b2403f5._.js:2294
[  105882ms] [WARNING] Image with src "/blankcard.avif" has legacy prop "objectFit". Did you forget to run the codemod?
Read more: https://nextjs.org/docs/messages/next-image-upgrade-to-13 @ http://localhost:3000/_next/static/chunks/node_modules_next_dist_4b2403f5._.js:2294
[  105884ms] [WARNING] Image with src "/frontoffolder.avif" has legacy prop "layout". Did you forget to run the codemod?
Read more: https://nextjs.org/docs/messages/next-image-upgrade-to-13 @ http://localhost:3000/_next/static/chunks/node_modules_next_dist_4b2403f5._.js:2294
[  105884ms] [WARNING] Image with src "/frontoffolder.avif" has legacy prop "objectFit". Did you forget to run the codemod?
Read more: https://nextjs.org/docs/messages/next-image-upgrade-to-13 @ http://localhost:3000/_next/static/chunks/node_modules_next_dist_4b2403f5._.js:2294
[  105891ms] [WARNING] Image with src "/footer1.png" has legacy prop "layout". Did you forget to run the codemod?
Read more: https://nextjs.org/docs/messages/next-image-upgrade-to-13 @ http://localhost:3000/_next/static/chunks/node_modules_next_dist_4b2403f5._.js:2294
[  105891ms] [WARNING] Image with src "/footer1.png" has legacy prop "objectFit". Did you forget to run the codemod?
Read more: https://nextjs.org/docs/messages/next-image-upgrade-to-13 @ http://localhost:3000/_next/static/chunks/node_modules_next_dist_4b2403f5._.js:2294
[  105935ms] [WARNING] Please ensure that the container has a non-static position, like 'relative', 'fixed', or 'absolute' to ensure scroll offset is calculated correctly. @ http://localhost:3000/_next/static/chunks/node_modules_next_dist_4b2403f5._.js:2294
[  106046ms] [LOG] [Fast Refresh] rebuilding @ http://localhost:3000/_next/static/chunks/node_modules_next_dist_4b2403f5._.js:2294
[  106049ms] [LOG] [Fast Refresh] done in 106ms @ http://localhost:3000/_next/static/chunks/node_modules_next_dist_4b2403f5._.js:2294
[  106161ms] [LOG] [Fast Refresh] rebuilding @ http://localhost:3000/_next/static/chunks/node_modules_next_dist_4b2403f5._.js:2294
[  106167ms] [LOG] [Fast Refresh] done in 116ms @ http://localhost:3000/_next/static/chunks/node_modules_next_dist_4b2403f5._.js:2294
[  106365ms] [LOG] [Fast Refresh] rebuilding @ http://localhost:3000/_next/static/chunks/node_modules_next_dist_4b2403f5._.js:2294
[  106410ms] [LOG] [Fast Refresh] done in 148ms @ http://localhost:3000/_next/static/chunks/node_modules_next_dist_4b2403f5._.js:2294
[  106711ms] [LOG] [Fast Refresh] rebuilding @ http://localhost:3000/_next/static/chunks/node_modules_next_dist_4b2403f5._.js:2294
[  106714ms] [LOG] [Fast Refresh] done in 113ms @ http://localhost:3000/_next/static/chunks/node_modules_next_dist_4b2403f5._.js:2294
[  106980ms] [LOG] [Fast Refresh] rebuilding @ http://localhost:3000/_next/static/chunks/node_modules_next_dist_4b2403f5._.js:2294
[  106994ms] [LOG] [Fast Refresh] done in 116ms @ http://localhost:3000/_next/static/chunks/node_modules_next_dist_4b2403f5._.js:2294
[  107298ms] [LOG] [Fast Refresh] rebuilding @ http://localhost:3000/_next/static/chunks/node_modules_next_dist_4b2403f5._.js:2294
[  107311ms] [LOG] [Fast Refresh] done in 117ms @ http://localhost:3000/_next/static/chunks/node_modules_next_dist_4b2403f5._.js:2294
[  107596ms] [LOG] [Fast Refresh] rebuilding @ http://localhost:3000/_next/static/chunks/node_modules_next_dist_4b2403f5._.js:2294
[  107616ms] [LOG] [Fast Refresh] done in 134ms @ http://localhost:3000/_next/static/chunks/node_modules_next_dist_4b2403f5._.js:2294
[  107899ms] [LOG] [Fast Refresh] rebuilding @ http://localhost:3000/_next/static/chunks/node_modules_next_dist_4b2403f5._.js:2294
[  107966ms] [LOG] [Fast Refresh] done in 183ms @ http://localhost:3000/_next/static/chunks/node_modules_next_dist_4b2403f5._.js:2294
[  108165ms] [LOG] [Fast Refresh] rebuilding @ http://localhost:3000/_next/static/chunks/node_modules_next_dist_4b2403f5._.js:2294
[  108182ms] [LOG] [Fast Refresh] done in 117ms @ http://localhost:3000/_next/static/chunks/node_modules_next_dist_4b2403f5._.js:2294
[  108464ms] [LOG] [Fast Refresh] rebuilding @ http://localhost:3000/_next/static/chunks/node_modules_next_dist_4b2403f5._.js:2294
[  108465ms] [LOG] [Fast Refresh] done in 117ms @ http://localhost:3000/_next/static/chunks/node_modules_next_dist_4b2403f5._.js:2294
[  121265ms] [LOG] [Fast Refresh] rebuilding @ http://localhost:3000/_next/static/chunks/node_modules_next_dist_4b2403f5._.js:2294
[  121332ms] [LOG] [Fast Refresh] done in 172ms @ http://localhost:3000/_next/static/chunks/node_modules_next_dist_4b2403f5._.js:2294
[  121526ms] [INFO] %cDownload the React DevTools for a better development experience: https://react.dev/link/react-devtools font-weight:bold @ http://localhost:3000/_next/static/chunks/node_modules_next_dist_4b2403f5._.js:2294
[  121570ms] [LOG] [HMR] connected @ http://localhost:3000/_next/static/chunks/node_modules_next_dist_4b2403f5._.js:2294
[  121704ms] [WARNING] Image with src "/backoffolder.avif" has legacy prop "layout". Did you forget to run the codemod?
Read more: https://nextjs.org/docs/messages/next-image-upgrade-to-13 @ http://localhost:3000/_next/static/chunks/node_modules_next_dist_4b2403f5._.js:2294
[  121704ms] [WARNING] Image with src "/backoffolder.avif" has legacy prop "objectFit". Did you forget to run the codemod?
Read more: https://nextjs.org/docs/messages/next-image-upgrade-to-13 @ http://localhost:3000/_next/static/chunks/node_modules_next_dist_4b2403f5._.js:2294
[  121705ms] [WARNING] Image with src "/cert1card.avif" has legacy prop "layout". Did you forget to run the codemod?
Read more: https://nextjs.org/docs/messages/next-image-upgrade-to-13 @ http://localhost:3000/_next/static/chunks/node_modules_next_dist_4b2403f5._.js:2294
[  121705ms] [WARNING] Image with src "/cert1card.avif" has legacy prop "objectFit". Did you forget to run the codemod?
Read more: https://nextjs.org/docs/messages/next-image-upgrade-to-13 @ http://localhost:3000/_next/static/chunks/node_modules_next_dist_4b2403f5._.js:2294
[  121706ms] [WARNING] Image with src "/cert2card.avif" has legacy prop "layout". Did you forget to run the codemod?
Read more: https://nextjs.org/docs/messages/next-image-upgrade-to-13 @ http://localhost:3000/_next/static/chunks/node_modules_next_dist_4b2403f5._.js:2294
[  121707ms] [WARNING] Image with src "/cert2card.avif" has legacy prop "objectFit". Did you forget to run the codemod?
Read more: https://nextjs.org/docs/messages/next-image-upgrade-to-13 @ http://localhost:3000/_next/static/chunks/node_modules_next_dist_4b2403f5._.js:2294
[  121708ms] [WARNING] Image with src "/cert3card.avif" has legacy prop "layout". Did you forget to run the codemod?
Read more: https://nextjs.org/docs/messages/next-image-upgrade-to-13 @ http://localhost:3000/_next/static/chunks/node_modules_next_dist_4b2403f5._.js:2294
[  121708ms] [WARNING] Image with src "/cert3card.avif" has legacy prop "objectFit". Did you forget to run the codemod?
Read more: https://nextjs.org/docs/messages/next-image-upgrade-to-13 @ http://localhost:3000/_next/static/chunks/node_modules_next_dist_4b2403f5._.js:2294
[  121709ms] [WARNING] Image with src "/cert4card.avif" has legacy prop "layout". Did you forget to run the codemod?
Read more: https://nextjs.org/docs/messages/next-image-upgrade-to-13 @ http://localhost:3000/_next/static/chunks/node_modules_next_dist_4b2403f5._.js:2294
[  121709ms] [WARNING] Image with src "/cert4card.avif" has legacy prop "objectFit". Did you forget to run the codemod?
Read more: https://nextjs.org/docs/messages/next-image-upgrade-to-13 @ http://localhost:3000/_next/static/chunks/node_modules_next_dist_4b2403f5._.js:2294
[  121710ms] [WARNING] Image with src "/blankcard.avif" has legacy prop "layout". Did you forget to run the codemod?
Read more: https://nextjs.org/docs/messages/next-image-upgrade-to-13 @ http://localhost:3000/_next/static/chunks/node_modules_next_dist_4b2403f5._.js:2294
[  121710ms] [WARNING] Image with src "/blankcard.avif" has legacy prop "objectFit". Did you forget to run the codemod?
Read more: https://nextjs.org/docs/messages/next-image-upgrade-to-13 @ http://localhost:3000/_next/static/chunks/node_modules_next_dist_4b2403f5._.js:2294
[  121712ms] [WARNING] Image with src "/frontoffolder.avif" has legacy prop "layout". Did you forget to run the codemod?
Read more: https://nextjs.org/docs/messages/next-image-upgrade-to-13 @ http://localhost:3000/_next/static/chunks/node_modules_next_dist_4b2403f5._.js:2294
[  121712ms] [WARNING] Image with src "/frontoffolder.avif" has legacy prop "objectFit". Did you forget to run the codemod?
Read more: https://nextjs.org/docs/messages/next-image-upgrade-to-13 @ http://localhost:3000/_next/static/chunks/node_modules_next_dist_4b2403f5._.js:2294
[  121719ms] [WARNING] Image with src "/footer1.png" has legacy prop "layout". Did you forget to run the codemod?
Read more: https://nextjs.org/docs/messages/next-image-upgrade-to-13 @ http://localhost:3000/_next/static/chunks/node_modules_next_dist_4b2403f5._.js:2294
[  121719ms] [WARNING] Image with src "/footer1.png" has legacy prop "objectFit". Did you forget to run the codemod?
Read more: https://nextjs.org/docs/messages/next-image-upgrade-to-13 @ http://localhost:3000/_next/static/chunks/node_modules_next_dist_4b2403f5._.js:2294
[  121733ms] [WARNING] Please ensure that the container has a non-static position, like 'relative', 'fixed', or 'absolute' to ensure scroll offset is calculated correctly. @ http://localhost:3000/_next/static/chunks/node_modules_next_dist_4b2403f5._.js:2294
[  121782ms] [LOG] [Fast Refresh] rebuilding @ http://localhost:3000/_next/static/chunks/node_modules_next_dist_4b2403f5._.js:2294
[  121800ms] [LOG] [Fast Refresh] done in 123ms @ http://localhost:3000/_next/static/chunks/node_modules_next_dist_4b2403f5._.js:2294
[  122212ms] [LOG] [Fast Refresh] rebuilding @ http://localhost:3000/_next/static/chunks/node_modules_next_dist_4b2403f5._.js:2294
[  122215ms] [LOG] [Fast Refresh] done in 117ms @ http://localhost:3000/_next/static/chunks/node_modules_next_dist_4b2403f5._.js:2294
[  122508ms] [LOG] [Fast Refresh] rebuilding @ http://localhost:3000/_next/static/chunks/node_modules_next_dist_4b2403f5._.js:2294
[  122509ms] [LOG] [Fast Refresh] done in 108ms @ http://localhost:3000/_next/static/chunks/node_modules_next_dist_4b2403f5._.js:2294
[  122777ms] [LOG] [Fast Refresh] rebuilding @ http://localhost:3000/_next/static/chunks/node_modules_next_dist_4b2403f5._.js:2294
[  122842ms] [LOG] [Fast Refresh] done in 174ms @ http://localhost:3000/_next/static/chunks/node_modules_next_dist_4b2403f5._.js:2294
[  123056ms] [LOG] [Fast Refresh] rebuilding @ http://localhost:3000/_next/static/chunks/node_modules_next_dist_4b2403f5._.js:2294
[  123057ms] [LOG] [Fast Refresh] done in 108ms @ http://localhost:3000/_next/static/chunks/node_modules_next_dist_4b2403f5._.js:2294
[  123314ms] [LOG] [Fast Refresh] rebuilding @ http://localhost:3000/_next/static/chunks/node_modules_next_dist_4b2403f5._.js:2294
[  123315ms] [LOG] [Fast Refresh] done in 105ms @ http://localhost:3000/_next/static/chunks/node_modules_next_dist_4b2403f5._.js:2294
[  123610ms] [LOG] [Fast Refresh] rebuilding @ http://localhost:3000/_next/static/chunks/node_modules_next_dist_4b2403f5._.js:2294
[  123631ms] [LOG] [Fast Refresh] done in 132ms @ http://localhost:3000/_next/static/chunks/node_modules_next_dist_4b2403f5._.js:2294
[  123914ms] [LOG] [Fast Refresh] rebuilding @ http://localhost:3000/_next/static/chunks/node_modules_next_dist_4b2403f5._.js:2294
[  123915ms] [LOG] [Fast Refresh] done in 117ms @ http://localhost:3000/_next/static/chunks/node_modules_next_dist_4b2403f5._.js:2294
[  149878ms] [LOG] [Fast Refresh] rebuilding @ http://localhost:3000/_next/static/chunks/node_modules_next_dist_4b2403f5._.js:2294
[  149949ms] [LOG] [Fast Refresh] done in 173ms @ http://localhost:3000/_next/static/chunks/node_modules_next_dist_4b2403f5._.js:2294
[  150120ms] [INFO] %cDownload the React DevTools for a better development experience: https://react.dev/link/react-devtools font-weight:bold @ http://localhost:3000/_next/static/chunks/node_modules_next_dist_4b2403f5._.js:2294
[  150169ms] [LOG] [HMR] connected @ http://localhost:3000/_next/static/chunks/node_modules_next_dist_4b2403f5._.js:2294
[  150292ms] [WARNING] Image with src "/backoffolder.avif" has legacy prop "layout". Did you forget to run the codemod?
Read more: https://nextjs.org/docs/messages/next-image-upgrade-to-13 @ http://localhost:3000/_next/static/chunks/node_modules_next_dist_4b2403f5._.js:2294
[  150292ms] [WARNING] Image with src "/backoffolder.avif" has legacy prop "objectFit". Did you forget to run the codemod?
Read more: https://nextjs.org/docs/messages/next-image-upgrade-to-13 @ http://localhost:3000/_next/static/chunks/node_modules_next_dist_4b2403f5._.js:2294
[  150295ms] [WARNING] Image with src "/cert1card.avif" has legacy prop "layout". Did you forget to run the codemod?
Read more: https://nextjs.org/docs/messages/next-image-upgrade-to-13 @ http://localhost:3000/_next/static/chunks/node_modules_next_dist_4b2403f5._.js:2294
[  150295ms] [WARNING] Image with src "/cert1card.avif" has legacy prop "objectFit". Did you forget to run the codemod?
Read more: https://nextjs.org/docs/messages/next-image-upgrade-to-13 @ http://localhost:3000/_next/static/chunks/node_modules_next_dist_4b2403f5._.js:2294
[  150296ms] [WARNING] Image with src "/cert2card.avif" has legacy prop "layout". Did you forget to run the codemod?
Read more: https://nextjs.org/docs/messages/next-image-upgrade-to-13 @ http://localhost:3000/_next/static/chunks/node_modules_next_dist_4b2403f5._.js:2294
[  150297ms] [WARNING] Image with src "/cert2card.avif" has legacy prop "objectFit". Did you forget to run the codemod?
Read more: https://nextjs.org/docs/messages/next-image-upgrade-to-13 @ http://localhost:3000/_next/static/chunks/node_modules_next_dist_4b2403f5._.js:2294
[  150298ms] [WARNING] Image with src "/cert3card.avif" has legacy prop "layout". Did you forget to run the codemod?
Read more: https://nextjs.org/docs/messages/next-image-upgrade-to-13 @ http://localhost:3000/_next/static/chunks/node_modules_next_dist_4b2403f5._.js:2294
[  150298ms] [WARNING] Image with src "/cert3card.avif" has legacy prop "objectFit". Did you forget to run the codemod?
Read more: https://nextjs.org/docs/messages/next-image-upgrade-to-13 @ http://localhost:3000/_next/static/chunks/node_modules_next_dist_4b2403f5._.js:2294
[  150300ms] [WARNING] Image with src "/cert4card.avif" has legacy prop "layout". Did you forget to run the codemod?
Read more: https://nextjs.org/docs/messages/next-image-upgrade-to-13 @ http://localhost:3000/_next/static/chunks/node_modules_next_dist_4b2403f5._.js:2294
[  150300ms] [WARNING] Image with src "/cert4card.avif" has legacy prop "objectFit". Did you forget to run the codemod?
Read more: https://nextjs.org/docs/messages/next-image-upgrade-to-13 @ http://localhost:3000/_next/static/chunks/node_modules_next_dist_4b2403f5._.js:2294
[  150301ms] [WARNING] Image with src "/blankcard.avif" has legacy prop "layout". Did you forget to run the codemod?
Read more: https://nextjs.org/docs/messages/next-image-upgrade-to-13 @ http://localhost:3000/_next/static/chunks/node_modules_next_dist_4b2403f5._.js:2294
[  150301ms] [WARNING] Image with src "/blankcard.avif" has legacy prop "objectFit". Did you forget to run the codemod?
Read more: https://nextjs.org/docs/messages/next-image-upgrade-to-13 @ http://localhost:3000/_next/static/chunks/node_modules_next_dist_4b2403f5._.js:2294
[  150302ms] [WARNING] Image with src "/frontoffolder.avif" has legacy prop "layout". Did you forget to run the codemod?
Read more: https://nextjs.org/docs/messages/next-image-upgrade-to-13 @ http://localhost:3000/_next/static/chunks/node_modules_next_dist_4b2403f5._.js:2294
[  150302ms] [WARNING] Image with src "/frontoffolder.avif" has legacy prop "objectFit". Did you forget to run the codemod?
Read more: https://nextjs.org/docs/messages/next-image-upgrade-to-13 @ http://localhost:3000/_next/static/chunks/node_modules_next_dist_4b2403f5._.js:2294
[  150311ms] [WARNING] Image with src "/footer1.png" has legacy prop "layout". Did you forget to run the codemod?
Read more: https://nextjs.org/docs/messages/next-image-upgrade-to-13 @ http://localhost:3000/_next/static/chunks/node_modules_next_dist_4b2403f5._.js:2294
[  150312ms] [WARNING] Image with src "/footer1.png" has legacy prop "objectFit". Did you forget to run the codemod?
Read more: https://nextjs.org/docs/messages/next-image-upgrade-to-13 @ http://localhost:3000/_next/static/chunks/node_modules_next_dist_4b2403f5._.js:2294
[  150356ms] [WARNING] Please ensure that the container has a non-static position, like 'relative', 'fixed', or 'absolute' to ensure scroll offset is calculated correctly. @ http://localhost:3000/_next/static/chunks/node_modules_next_dist_4b2403f5._.js:2294
[  150361ms] [LOG] [Fast Refresh] rebuilding @ http://localhost:3000/_next/static/chunks/node_modules_next_dist_4b2403f5._.js:2294
[  150431ms] [LOG] [Fast Refresh] done in 190ms @ http://localhost:3000/_next/static/chunks/node_modules_next_dist_4b2403f5._.js:2294
[  150646ms] [LOG] [Fast Refresh] rebuilding @ http://localhost:3000/_next/static/chunks/node_modules_next_dist_4b2403f5._.js:2294
[  150647ms] [LOG] [Fast Refresh] done in 116ms @ http://localhost:3000/_next/static/chunks/node_modules_next_dist_4b2403f5._.js:2294
[  150765ms] [LOG] [Fast Refresh] rebuilding @ http://localhost:3000/_next/static/chunks/node_modules_next_dist_4b2403f5._.js:2294
[  150766ms] [LOG] [Fast Refresh] done in 117ms @ http://localhost:3000/_next/static/chunks/node_modules_next_dist_4b2403f5._.js:2294
[  150943ms] [LOG] [Fast Refresh] rebuilding @ http://localhost:3000/_next/static/chunks/node_modules_next_dist_4b2403f5._.js:2294
[  150957ms] [LOG] [Fast Refresh] done in 125ms @ http://localhost:3000/_next/static/chunks/node_modules_next_dist_4b2403f5._.js:2294
[  151064ms] [LOG] [Fast Refresh] rebuilding @ http://localhost:3000/_next/static/chunks/node_modules_next_dist_4b2403f5._.js:2294
[  151097ms] [LOG] [Fast Refresh] done in 139ms @ http://localhost:3000/_next/static/chunks/node_modules_next_dist_4b2403f5._.js:2294
[  151282ms] [LOG] [Fast Refresh] rebuilding @ http://localhost:3000/_next/static/chunks/node_modules_next_dist_4b2403f5._.js:2294
[  151314ms] [LOG] [Fast Refresh] done in 133ms @ http://localhost:3000/_next/static/chunks/node_modules_next_dist_4b2403f5._.js:2294
[  151428ms] [LOG] [Fast Refresh] rebuilding @ http://localhost:3000/_next/static/chunks/node_modules_next_dist_4b2403f5._.js:2294
[  151433ms] [LOG] [Fast Refresh] done in 119ms @ http://localhost:3000/_next/static/chunks/node_modules_next_dist_4b2403f5._.js:2294
[  151598ms] [LOG] [Fast Refresh] rebuilding @ http://localhost:3000/_next/static/chunks/node_modules_next_dist_4b2403f5._.js:2294
[  151599ms] [LOG] [Fast Refresh] done in 115ms @ http://localhost:3000/_next/static/chunks/node_modules_next_dist_4b2403f5._.js:2294
[  151798ms] [LOG] [Fast Refresh] rebuilding @ http://localhost:3000/_next/static/chunks/node_modules_next_dist_4b2403f5._.js:2294
[  151915ms] [LOG] [Fast Refresh] done in 234ms @ http://localhost:3000/_next/static/chunks/node_modules_next_dist_4b2403f5._.js:2294
[  152097ms] [LOG] [Fast Refresh] rebuilding @ http://localhost:3000/_next/static/chunks/node_modules_next_dist_4b2403f5._.js:2294
[  152148ms] [LOG] [Fast Refresh] done in 166ms @ http://localhost:3000/_next/static/chunks/node_modules_next_dist_4b2403f5._.js:2294
[  152330ms] [LOG] [Fast Refresh] rebuilding @ http://localhost:3000/_next/static/chunks/node_modules_next_dist_4b2403f5._.js:2294
[  152330ms] [LOG] [Fast Refresh] done in 115ms @ http://localhost:3000/_next/static/chunks/node_modules_next_dist_4b2403f5._.js:2294
[  152677ms] [LOG] [Fast Refresh] rebuilding @ http://localhost:3000/_next/static/chunks/node_modules_next_dist_4b2403f5._.js:2294
[  152732ms] [LOG] [Fast Refresh] done in 165ms @ http://localhost:3000/_next/static/chunks/node_modules_next_dist_4b2403f5._.js:2294
[  153031ms] [LOG] [Fast Refresh] rebuilding @ http://localhost:3000/_next/static/chunks/node_modules_next_dist_4b2403f5._.js:2294
[  153032ms] [LOG] [Fast Refresh] done in 116ms @ http://localhost:3000/_next/static/chunks/node_modules_next_dist_4b2403f5._.js:2294
[  153230ms] [LOG] [Fast Refresh] rebuilding @ http://localhost:3000/_next/static/chunks/node_modules_next_dist_4b2403f5._.js:2294
[  153260ms] [LOG] [Fast Refresh] done in 145ms @ http://localhost:3000/_next/static/chunks/node_modules_next_dist_4b2403f5._.js:2294
[  153287ms] [WARNING] Image with src "/cert1card.avif" has "fill" but is missing "sizes" prop. Please add it to improve page performance. Read more: https://nextjs.org/docs/api-reference/next/image#sizes @ http://localhost:3000/_next/static/chunks/node_modules_next_dist_4b2403f5._.js:2294
[  153291ms] [WARNING] Image with src "/cert2card.avif" has "fill" but is missing "sizes" prop. Please add it to improve page performance. Read more: https://nextjs.org/docs/api-reference/next/image#sizes @ http://localhost:3000/_next/static/chunks/node_modules_next_dist_4b2403f5._.js:2294
[  153299ms] [WARNING] Image with src "/backoffolder.avif" has "fill" but is missing "sizes" prop. Please add it to improve page performance. Read more: https://nextjs.org/docs/api-reference/next/image#sizes @ http://localhost:3000/_next/static/chunks/node_modules_next_dist_4b2403f5._.js:2294
[  153299ms] [WARNING] Image with src "/cert3card.avif" has "fill" but is missing "sizes" prop. Please add it to improve page performance. Read more: https://nextjs.org/docs/api-reference/next/image#sizes @ http://localhost:3000/_next/static/chunks/node_modules_next_dist_4b2403f5._.js:2294
[  153304ms] [WARNING] Image with src "/cert4card.avif" has "fill" but is missing "sizes" prop. Please add it to improve page performance. Read more: https://nextjs.org/docs/api-reference/next/image#sizes @ http://localhost:3000/_next/static/chunks/node_modules_next_dist_4b2403f5._.js:2294
[  153308ms] [WARNING] Image with src "/blankcard.avif" has "fill" but is missing "sizes" prop. Please add it to improve page performance. Read more: https://nextjs.org/docs/api-reference/next/image#sizes @ http://localhost:3000/_next/static/chunks/node_modules_next_dist_4b2403f5._.js:2294
[  153323ms] [WARNING] Image with src "/frontoffolder.avif" has "fill" but is missing "sizes" prop. Please add it to improve page performance. Read more: https://nextjs.org/docs/api-reference/next/image#sizes @ http://localhost:3000/_next/static/chunks/node_modules_next_dist_4b2403f5._.js:2294
[  153366ms] [LOG] [Fast Refresh] rebuilding @ http://localhost:3000/_next/static/chunks/node_modules_next_dist_4b2403f5._.js:2294
[  153382ms] [LOG] [Fast Refresh] done in 116ms @ http://localhost:3000/_next/static/chunks/node_modules_next_dist_4b2403f5._.js:2294
[  153697ms] [LOG] [Fast Refresh] rebuilding @ http://localhost:3000/_next/static/chunks/node_modules_next_dist_4b2403f5._.js:2294
[  153714ms] [LOG] [Fast Refresh] done in 131ms @ http://localhost:3000/_next/static/chunks/node_modules_next_dist_4b2403f5._.js:2294
[  155397ms] [LOG] [Fast Refresh] rebuilding @ http://localhost:3000/_next/static/chunks/node_modules_next_dist_4b2403f5._.js:2294
[  155416ms] [LOG] [Fast Refresh] done in 134ms @ http://localhost:3000/_next/static/chunks/node_modules_next_dist_4b2403f5._.js:2294
[  155714ms] [LOG] [Fast Refresh] rebuilding @ http://localhost:3000/_next/static/chunks/node_modules_next_dist_4b2403f5._.js:2294
[  155715ms] [LOG] [Fast Refresh] done in 115ms @ http://localhost:3000/_next/static/chunks/node_modules_next_dist_4b2403f5._.js:2294
[  155997ms] [LOG] [Fast Refresh] rebuilding @ http://localhost:3000/_next/static/chunks/node_modules_next_dist_4b2403f5._.js:2294
[  156014ms] [LOG] [Fast Refresh] done in 118ms @ http://localhost:3000/_next/static/chunks/node_modules_next_dist_4b2403f5._.js:2294
[  156293ms] [LOG] [Fast Refresh] rebuilding @ http://localhost:3000/_next/static/chunks/node_modules_next_dist_4b2403f5._.js:2294
[  156298ms] [LOG] [Fast Refresh] done in 115ms @ http://localhost:3000/_next/static/chunks/node_modules_next_dist_4b2403f5._.js:2294
[  156580ms] [LOG] [Fast Refresh] rebuilding @ http://localhost:3000/_next/static/chunks/node_modules_next_dist_4b2403f5._.js:2294
[  156584ms] [LOG] [Fast Refresh] done in 117ms @ http://localhost:3000/_next/static/chunks/node_modules_next_dist_4b2403f5._.js:2294
[  156877ms] [LOG] [Fast Refresh] rebuilding @ http://localhost:3000/_next/static/chunks/node_modules_next_dist_4b2403f5._.js:2294
[  156883ms] [LOG] [Fast Refresh] done in 118ms @ http://localhost:3000/_next/static/chunks/node_modules_next_dist_4b2403f5._.js:2294
[  157164ms] [LOG] [Fast Refresh] rebuilding @ http://localhost:3000/_next/static/chunks/node_modules_next_dist_4b2403f5._.js:2294
[  157183ms] [LOG] [Fast Refresh] done in 134ms @ http://localhost:3000/_next/static/chunks/node_modules_next_dist_4b2403f5._.js:2294
[  157464ms] [LOG] [Fast Refresh] rebuilding @ http://localhost:3000/_next/static/chunks/node_modules_next_dist_4b2403f5._.js:2294
[  157480ms] [LOG] [Fast Refresh] done in 128ms @ http://localhost:3000/_next/static/chunks/node_modules_next_dist_4b2403f5._.js:2294
[  157779ms] [LOG] [Fast Refresh] rebuilding @ http://localhost:3000/_next/static/chunks/node_modules_next_dist_4b2403f5._.js:2294
[  157813ms] [LOG] [Fast Refresh] done in 143ms @ http://localhost:3000/_next/static/chunks/node_modules_next_dist_4b2403f5._.js:2294
[  157914ms] [LOG] [Fast Refresh] rebuilding @ http://localhost:3000/_next/static/chunks/node_modules_next_dist_4b2403f5._.js:2294
[  157915ms] [LOG] [Fast Refresh] done in 101ms @ http://localhost:3000/_next/static/chunks/node_modules_next_dist_4b2403f5._.js:2294
[  158095ms] [LOG] [Fast Refresh] rebuilding @ http://localhost:3000/_next/static/chunks/node_modules_next_dist_4b2403f5._.js:2294
[  158113ms] [LOG] [Fast Refresh] done in 132ms @ http://localhost:3000/_next/static/chunks/node_modules_next_dist_4b2403f5._.js:2294
[  158277ms] [LOG] [Fast Refresh] rebuilding @ http://localhost:3000/_next/static/chunks/node_modules_next_dist_4b2403f5._.js:2294
[  158296ms] [LOG] [Fast Refresh] done in 129ms @ http://localhost:3000/_next/static/chunks/node_modules_next_dist_4b2403f5._.js:2294
[  158463ms] [LOG] [Fast Refresh] rebuilding @ http://localhost:3000/_next/static/chunks/node_modules_next_dist_4b2403f5._.js:2294
[  158463ms] [LOG] [Fast Refresh] done in 114ms @ http://localhost:3000/_next/static/chunks/node_modules_next_dist_4b2403f5._.js:2294
[  158632ms] [LOG] [Fast Refresh] rebuilding @ http://localhost:3000/_next/static/chunks/node_modules_next_dist_4b2403f5._.js:2294
[  158650ms] [LOG] [Fast Refresh] done in 118ms @ http://localhost:3000/_next/static/chunks/node_modules_next_dist_4b2403f5._.js:2294
[  158818ms] [LOG] [Fast Refresh] rebuilding @ http://localhost:3000/_next/static/chunks/node_modules_next_dist_4b2403f5._.js:2294
[  158831ms] [LOG] [Fast Refresh] done in 114ms @ http://localhost:3000/_next/static/chunks/node_modules_next_dist_4b2403f5._.js:2294
[  158997ms] [LOG] [Fast Refresh] rebuilding @ http://localhost:3000/_next/static/chunks/node_modules_next_dist_4b2403f5._.js:2294
[  159015ms] [LOG] [Fast Refresh] done in 118ms @ http://localhost:3000/_next/static/chunks/node_modules_next_dist_4b2403f5._.js:2294
[  159130ms] [LOG] [Fast Refresh] rebuilding @ http://localhost:3000/_next/static/chunks/node_modules_next_dist_4b2403f5._.js:2294
[  159134ms] [LOG] [Fast Refresh] done in 117ms @ http://localhost:3000/_next/static/chunks/node_modules_next_dist_4b2403f5._.js:2294
[  159246ms] [LOG] [Fast Refresh] rebuilding @ http://localhost:3000/_next/static/chunks/node_modules_next_dist_4b2403f5._.js:2294
[  159264ms] [LOG] [Fast Refresh] done in 130ms @ http://localhost:3000/_next/static/chunks/node_modules_next_dist_4b2403f5._.js:2294
[  159365ms] [LOG] [Fast Refresh] rebuilding @ http://localhost:3000/_next/static/chunks/node_modules_next_dist_4b2403f5._.js:2294
[  159376ms] [LOG] [Fast Refresh] done in 110ms @ http://localhost:3000/_next/static/chunks/node_modules_next_dist_4b2403f5._.js:2294
[  159496ms] [LOG] [Fast Refresh] rebuilding @ http://localhost:3000/_next/static/chunks/node_modules_next_dist_4b2403f5._.js:2294
[  159581ms] [LOG] [Fast Refresh] done in 200ms @ http://localhost:3000/_next/static/chunks/node_modules_next_dist_4b2403f5._.js:2294
[  159696ms] [LOG] [Fast Refresh] rebuilding @ http://localhost:3000/_next/static/chunks/node_modules_next_dist_4b2403f5._.js:2294
[  159699ms] [LOG] [Fast Refresh] done in 116ms @ http://localhost:3000/_next/static/chunks/node_modules_next_dist_4b2403f5._.js:2294
[  159813ms] [LOG] [Fast Refresh] rebuilding @ http://localhost:3000/_next/static/chunks/node_modules_next_dist_4b2403f5._.js:2294
[  159834ms] [LOG] [Fast Refresh] done in 135ms @ http://localhost:3000/_next/static/chunks/node_modules_next_dist_4b2403f5._.js:2294
[  160011ms] [LOG] [Fast Refresh] rebuilding @ http://localhost:3000/_next/static/chunks/node_modules_next_dist_4b2403f5._.js:2294
[  160064ms] [LOG] [Fast Refresh] done in 164ms @ http://localhost:3000/_next/static/chunks/node_modules_next_dist_4b2403f5._.js:2294
[  160165ms] [LOG] [Fast Refresh] rebuilding @ http://localhost:3000/_next/static/chunks/node_modules_next_dist_4b2403f5._.js:2294
[  160195ms] [LOG] [Fast Refresh] done in 131ms @ http://localhost:3000/_next/static/chunks/node_modules_next_dist_4b2403f5._.js:2294
[  160361ms] [LOG] [Fast Refresh] rebuilding @ http://localhost:3000/_next/static/chunks/node_modules_next_dist_4b2403f5._.js:2294
[  160382ms] [LOG] [Fast Refresh] done in 133ms @ http://localhost:3000/_next/static/chunks/node_modules_next_dist_4b2403f5._.js:2294
[  160546ms] [LOG] [Fast Refresh] rebuilding @ http://localhost:3000/_next/static/chunks/node_modules_next_dist_4b2403f5._.js:2294
[  160564ms] [LOG] [Fast Refresh] done in 129ms @ http://localhost:3000/_next/static/chunks/node_modules_next_dist_4b2403f5._.js:2294
[  160746ms] [LOG] [Fast Refresh] rebuilding @ http://localhost:3000/_next/static/chunks/node_modules_next_dist_4b2403f5._.js:2294
[  160748ms] [LOG] [Fast Refresh] done in 115ms @ http://localhost:3000/_next/static/chunks/node_modules_next_dist_4b2403f5._.js:2294
[  160909ms] [LOG] [Fast Refresh] rebuilding @ http://localhost:3000/_next/static/chunks/node_modules_next_dist_4b2403f5._.js:2294
[  160929ms] [LOG] [Fast Refresh] done in 127ms @ http://localhost:3000/_next/static/chunks/node_modules_next_dist_4b2403f5._.js:2294
[  161096ms] [LOG] [Fast Refresh] rebuilding @ http://localhost:3000/_next/static/chunks/node_modules_next_dist_4b2403f5._.js:2294
[  161100ms] [LOG] [Fast Refresh] done in 116ms @ http://localhost:3000/_next/static/chunks/node_modules_next_dist_4b2403f5._.js:2294
[  161279ms] [LOG] [Fast Refresh] rebuilding @ http://localhost:3000/_next/static/chunks/node_modules_next_dist_4b2403f5._.js:2294
[  161281ms] [LOG] [Fast Refresh] done in 114ms @ http://localhost:3000/_next/static/chunks/node_modules_next_dist_4b2403f5._.js:2294
[  161396ms] [LOG] [Fast Refresh] rebuilding @ http://localhost:3000/_next/static/chunks/node_modules_next_dist_4b2403f5._.js:2294
[  161415ms] [LOG] [Fast Refresh] done in 132ms @ http://localhost:3000/_next/static/chunks/node_modules_next_dist_4b2403f5._.js:2294
[  161529ms] [LOG] [Fast Refresh] rebuilding @ http://localhost:3000/_next/static/chunks/node_modules_next_dist_4b2403f5._.js:2294
[  161531ms] [LOG] [Fast Refresh] done in 115ms @ http://localhost:3000/_next/static/chunks/node_modules_next_dist_4b2403f5._.js:2294
[  161646ms] [LOG] [Fast Refresh] rebuilding @ http://localhost:3000/_next/static/chunks/node_modules_next_dist_4b2403f5._.js:2294
[  161646ms] [LOG] [Fast Refresh] done in 114ms @ http://localhost:3000/_next/static/chunks/node_modules_next_dist_4b2403f5._.js:2294
[  162012ms] [LOG] [Fast Refresh] rebuilding @ http://localhost:3000/_next/static/chunks/node_modules_next_dist_4b2403f5._.js:2294
[  162097ms] [LOG] [Fast Refresh] done in 195ms @ http://localhost:3000/_next/static/chunks/node_modules_next_dist_4b2403f5._.js:2294
[  162315ms] [LOG] [Fast Refresh] rebuilding @ http://localhost:3000/_next/static/chunks/node_modules_next_dist_4b2403f5._.js:2294
[  162318ms] [LOG] [Fast Refresh] done in 105ms @ http://localhost:3000/_next/static/chunks/node_modules_next_dist_4b2403f5._.js:2294
[  162426ms] [LOG] [Fast Refresh] rebuilding @ http://localhost:3000/_next/static/chunks/node_modules_next_dist_4b2403f5._.js:2294
[  162432ms] [LOG] [Fast Refresh] done in 113ms @ http://localhost:3000/_next/static/chunks/node_modules_next_dist_4b2403f5._.js:2294
[  162797ms] [LOG] [Fast Refresh] rebuilding @ http://localhost:3000/_next/static/chunks/node_modules_next_dist_4b2403f5._.js:2294
[  162799ms] [LOG] [Fast Refresh] done in 119ms @ http://localhost:3000/_next/static/chunks/node_modules_next_dist_4b2403f5._.js:2294
[  163097ms] [LOG] [Fast Refresh] rebuilding @ http://localhost:3000/_next/static/chunks/node_modules_next_dist_4b2403f5._.js:2294
[  163100ms] [LOG] [Fast Refresh] done in 120ms @ http://localhost:3000/_next/static/chunks/node_modules_next_dist_4b2403f5._.js:2294
[  163376ms] [LOG] [Fast Refresh] rebuilding @ http://localhost:3000/_next/static/chunks/node_modules_next_dist_4b2403f5._.js:2294
[  163382ms] [LOG] [Fast Refresh] done in 116ms @ http://localhost:3000/_next/static/chunks/node_modules_next_dist_4b2403f5._.js:2294
[  163663ms] [LOG] [Fast Refresh] rebuilding @ http://localhost:3000/_next/static/chunks/node_modules_next_dist_4b2403f5._.js:2294
[  163684ms] [LOG] [Fast Refresh] done in 132ms @ http://localhost:3000/_next/static/chunks/node_modules_next_dist_4b2403f5._.js:2294
[  163961ms] [LOG] [Fast Refresh] rebuilding @ http://localhost:3000/_next/static/chunks/node_modules_next_dist_4b2403f5._.js:2294
[  164030ms] [LOG] [Fast Refresh] done in 177ms @ http://localhost:3000/_next/static/chunks/node_modules_next_dist_4b2403f5._.js:2294
[  164244ms] [LOG] [Fast Refresh] rebuilding @ http://localhost:3000/_next/static/chunks/node_modules_next_dist_4b2403f5._.js:2294
[  164247ms] [LOG] [Fast Refresh] done in 117ms @ http://localhost:3000/_next/static/chunks/node_modules_next_dist_4b2403f5._.js:2294
[  164547ms] [LOG] [Fast Refresh] rebuilding @ http://localhost:3000/_next/static/chunks/node_modules_next_dist_4b2403f5._.js:2294
[  164663ms] [LOG] [Fast Refresh] done in 229ms @ http://localhost:3000/_next/static/chunks/node_modules_next_dist_4b2403f5._.js:2294
[  164829ms] [LOG] [Fast Refresh] rebuilding @ http://localhost:3000/_next/static/chunks/node_modules_next_dist_4b2403f5._.js:2294
[  164830ms] [LOG] [Fast Refresh] done in 113ms @ http://localhost:3000/_next/static/chunks/node_modules_next_dist_4b2403f5._.js:2294
[  165004ms] [LOG] [Fast Refresh] rebuilding @ http://localhost:3000/_next/static/chunks/node_modules_next_dist_4b2403f5._.js:2294
[  165118ms] [LOG] [Fast Refresh] done in 220ms @ http://localhost:3000/_next/static/chunks/node_modules_next_dist_4b2403f5._.js:2294
[  165370ms] [LOG] [Fast Refresh] rebuilding @ http://localhost:3000/_next/static/chunks/node_modules_next_dist_4b2403f5._.js:2294
[  165530ms] [LOG] [Fast Refresh] done in 265ms @ http://localhost:3000/_next/static/chunks/node_modules_next_dist_4b2403f5._.js:2294
[  165730ms] [LOG] [Fast Refresh] rebuilding @ http://localhost:3000/_next/static/chunks/node_modules_next_dist_4b2403f5._.js:2294
[  165817ms] [LOG] [Fast Refresh] done in 197ms @ http://localhost:3000/_next/static/chunks/node_modules_next_dist_4b2403f5._.js:2294
[  166054ms] [LOG] [Fast Refresh] rebuilding @ http://localhost:3000/_next/static/chunks/node_modules_next_dist_4b2403f5._.js:2294
[  166117ms] [LOG] [Fast Refresh] done in 168ms @ http://localhost:3000/_next/static/chunks/node_modules_next_dist_4b2403f5._.js:2294
[  166345ms] [LOG] [Fast Refresh] rebuilding @ http://localhost:3000/_next/static/chunks/node_modules_next_dist_4b2403f5._.js:2294
[  166399ms] [LOG] [Fast Refresh] done in 160ms @ http://localhost:3000/_next/static/chunks/node_modules_next_dist_4b2403f5._.js:2294
[  166681ms] [LOG] [Fast Refresh] rebuilding @ http://localhost:3000/_next/static/chunks/node_modules_next_dist_4b2403f5._.js:2294
[  166775ms] [LOG] [Fast Refresh] done in 208ms @ http://localhost:3000/_next/static/chunks/node_modules_next_dist_4b2403f5._.js:2294
[  166964ms] [LOG] [Fast Refresh] rebuilding @ http://localhost:3000/_next/static/chunks/node_modules_next_dist_4b2403f5._.js:2294
[  167059ms] [LOG] [Fast Refresh] done in 195ms @ http://localhost:3000/_next/static/chunks/node_modules_next_dist_4b2403f5._.js:2294
[  167282ms] [LOG] [Fast Refresh] rebuilding @ http://localhost:3000/_next/static/chunks/node_modules_next_dist_4b2403f5._.js:2294
[  167359ms] [LOG] [Fast Refresh] done in 189ms @ http://localhost:3000/_next/static/chunks/node_modules_next_dist_4b2403f5._.js:2294
[  167473ms] [LOG] [Fast Refresh] rebuilding @ http://localhost:3000/_next/static/chunks/node_modules_next_dist_4b2403f5._.js:2294
[  167533ms] [LOG] [Fast Refresh] done in 168ms @ http://localhost:3000/_next/static/chunks/node_modules_next_dist_4b2403f5._.js:2294
[  167648ms] [LOG] [Fast Refresh] rebuilding @ http://localhost:3000/_next/static/chunks/node_modules_next_dist_4b2403f5._.js:2294
[  167774ms] [LOG] [Fast Refresh] done in 240ms @ http://localhost:3000/_next/static/chunks/node_modules_next_dist_4b2403f5._.js:2294
[  167883ms] [LOG] [Fast Refresh] rebuilding @ http://localhost:3000/_next/static/chunks/node_modules_next_dist_4b2403f5._.js:2294
[  167992ms] [LOG] [Fast Refresh] done in 209ms @ http://localhost:3000/_next/static/chunks/node_modules_next_dist_4b2403f5._.js:2294
[  168176ms] [LOG] [Fast Refresh] rebuilding @ http://localhost:3000/_next/static/chunks/node_modules_next_dist_4b2403f5._.js:2294
[  168289ms] [LOG] [Fast Refresh] done in 220ms @ http://localhost:3000/_next/static/chunks/node_modules_next_dist_4b2403f5._.js:2294
[  168514ms] [LOG] [Fast Refresh] rebuilding @ http://localhost:3000/_next/static/chunks/node_modules_next_dist_4b2403f5._.js:2294
[  168624ms] [LOG] [Fast Refresh] done in 211ms @ http://localhost:3000/_next/static/chunks/node_modules_next_dist_4b2403f5._.js:2294
[  168798ms] [LOG] [Fast Refresh] rebuilding @ http://localhost:3000/_next/static/chunks/node_modules_next_dist_4b2403f5._.js:2294
[  168905ms] [LOG] [Fast Refresh] done in 214ms @ http://localhost:3000/_next/static/chunks/node_modules_next_dist_4b2403f5._.js:2294
[  169013ms] [LOG] [Fast Refresh] rebuilding @ http://localhost:3000/_next/static/chunks/node_modules_next_dist_4b2403f5._.js:2294
[  169126ms] [LOG] [Fast Refresh] done in 220ms @ http://localhost:3000/_next/static/chunks/node_modules_next_dist_4b2403f5._.js:2294
[  169315ms] [LOG] [Fast Refresh] rebuilding @ http://localhost:3000/_next/static/chunks/node_modules_next_dist_4b2403f5._.js:2294
[  169430ms] [LOG] [Fast Refresh] done in 217ms @ http://localhost:3000/_next/static/chunks/node_modules_next_dist_4b2403f5._.js:2294
[  169541ms] [LOG] [Fast Refresh] rebuilding @ http://localhost:3000/_next/static/chunks/node_modules_next_dist_4b2403f5._.js:2294
[  169641ms] [LOG] [Fast Refresh] done in 207ms @ http://localhost:3000/_next/static/chunks/node_modules_next_dist_4b2403f5._.js:2294
[  169833ms] [LOG] [Fast Refresh] rebuilding @ http://localhost:3000/_next/static/chunks/node_modules_next_dist_4b2403f5._.js:2294
[  169978ms] [LOG] [Fast Refresh] done in 247ms @ http://localhost:3000/_next/static/chunks/node_modules_next_dist_4b2403f5._.js:2294
[  170161ms] [LOG] [Fast Refresh] rebuilding @ http://localhost:3000/_next/static/chunks/node_modules_next_dist_4b2403f5._.js:2294
[  170275ms] [LOG] [Fast Refresh] done in 216ms @ http://localhost:3000/_next/static/chunks/node_modules_next_dist_4b2403f5._.js:2294
[  170490ms] [LOG] [Fast Refresh] rebuilding @ http://localhost:3000/_next/static/chunks/node_modules_next_dist_4b2403f5._.js:2294
[  170668ms] [LOG] [Fast Refresh] done in 284ms @ http://localhost:3000/_next/static/chunks/node_modules_next_dist_4b2403f5._.js:2294
[  170779ms] [LOG] [Fast Refresh] rebuilding @ http://localhost:3000/_next/static/chunks/node_modules_next_dist_4b2403f5._.js:2294
[  170950ms] [LOG] [Fast Refresh] done in 279ms @ http://localhost:3000/_next/static/chunks/node_modules_next_dist_4b2403f5._.js:2294
[  171058ms] [LOG] [Fast Refresh] rebuilding @ http://localhost:3000/_next/static/chunks/node_modules_next_dist_4b2403f5._.js:2294
[  171176ms] [LOG] [Fast Refresh] done in 224ms @ http://localhost:3000/_next/static/chunks/node_modules_next_dist_4b2403f5._.js:2294
[  171402ms] [LOG] [Fast Refresh] rebuilding @ http://localhost:3000/_next/static/chunks/node_modules_next_dist_4b2403f5._.js:2294
[  171588ms] [LOG] [Fast Refresh] done in 293ms @ http://localhost:3000/_next/static/chunks/node_modules_next_dist_4b2403f5._.js:2294
[  171798ms] [LOG] [Fast Refresh] rebuilding @ http://localhost:3000/_next/static/chunks/node_modules_next_dist_4b2403f5._.js:2294
[  172353ms] [LOG] [Fast Refresh] done in 668ms @ http://localhost:3000/_next/static/chunks/node_modules_next_dist_4b2403f5._.js:2294
[  172699ms] [LOG] [Fast Refresh] rebuilding @ http://localhost:3000/_next/static/chunks/node_modules_next_dist_4b2403f5._.js:2294
[  172804ms] [WARNING] Image with src "/footer1.png" was detected as the Largest Contentful Paint (LCP). Please add the `loading="eager"` property if this image is above the fold.
Read more: https://nextjs.org/docs/app/api-reference/components/image#loading @ http://localhost:3000/_next/static/chunks/node_modules_next_dist_4b2403f5._.js:2294
[  172860ms] [LOG] [Fast Refresh] done in 319ms @ http://localhost:3000/_next/static/chunks/node_modules_next_dist_4b2403f5._.js:2294
[  172969ms] [LOG] [Fast Refresh] rebuilding @ http://localhost:3000/_next/static/chunks/node_modules_next_dist_4b2403f5._.js:2294
[  173127ms] [LOG] [Fast Refresh] done in 262ms @ http://localhost:3000/_next/static/chunks/node_modules_next_dist_4b2403f5._.js:2294
[  173323ms] [LOG] [Fast Refresh] rebuilding @ http://localhost:3000/_next/static/chunks/node_modules_next_dist_4b2403f5._.js:2294
[  173489ms] [LOG] [Fast Refresh] done in 269ms @ http://localhost:3000/_next/static/chunks/node_modules_next_dist_4b2403f5._.js:2294
[  173599ms] [LOG] [Fast Refresh] rebuilding @ http://localhost:3000/_next/static/chunks/node_modules_next_dist_4b2403f5._.js:2294
[  173695ms] [LOG] [Fast Refresh] done in 206ms @ http://localhost:3000/_next/static/chunks/node_modules_next_dist_4b2403f5._.js:2294
[  173807ms] [LOG] [Fast Refresh] rebuilding @ http://localhost:3000/_next/static/chunks/node_modules_next_dist_4b2403f5._.js:2294
[  173955ms] [LOG] [Fast Refresh] done in 251ms @ http://localhost:3000/_next/static/chunks/node_modules_next_dist_4b2403f5._.js:2294
[  174127ms] [LOG] [Fast Refresh] rebuilding @ http://localhost:3000/_next/static/chunks/node_modules_next_dist_4b2403f5._.js:2294
[  174239ms] [LOG] [Fast Refresh] done in 216ms @ http://localhost:3000/_next/static/chunks/node_modules_next_dist_4b2403f5._.js:2294
[  174391ms] [LOG] [Fast Refresh] rebuilding @ http://localhost:3000/_next/static/chunks/node_modules_next_dist_4b2403f5._.js:2294
[  174508ms] [LOG] [Fast Refresh] done in 218ms @ http://localhost:3000/_next/static/chunks/node_modules_next_dist_4b2403f5._.js:2294
[  174621ms] [LOG] [Fast Refresh] rebuilding @ http://localhost:3000/_next/static/chunks/node_modules_next_dist_4b2403f5._.js:2294
[  174908ms] [LOG] [Fast Refresh] done in 397ms @ http://localhost:3000/_next/static/chunks/node_modules_next_dist_4b2403f5._.js:2294
[  175020ms] [LOG] [Fast Refresh] rebuilding @ http://localhost:3000/_next/static/chunks/node_modules_next_dist_4b2403f5._.js:2294
[  175208ms] [LOG] [Fast Refresh] done in 296ms @ http://localhost:3000/_next/static/chunks/node_modules_next_dist_4b2403f5._.js:2294
[  175380ms] [LOG] [Fast Refresh] rebuilding @ http://localhost:3000/_next/static/chunks/node_modules_next_dist_4b2403f5._.js:2294
[  175542ms] [LOG] [Fast Refresh] done in 269ms @ http://localhost:3000/_next/static/chunks/node_modules_next_dist_4b2403f5._.js:2294
[  175714ms] [LOG] [Fast Refresh] rebuilding @ http://localhost:3000/_next/static/chunks/node_modules_next_dist_4b2403f5._.js:2294
[  175856ms] [LOG] [Fast Refresh] done in 248ms @ http://localhost:3000/_next/static/chunks/node_modules_next_dist_4b2403f5._.js:2294
[  176024ms] [LOG] [Fast Refresh] rebuilding @ http://localhost:3000/_next/static/chunks/node_modules_next_dist_4b2403f5._.js:2294
[  176172ms] [LOG] [Fast Refresh] done in 249ms @ http://localhost:3000/_next/static/chunks/node_modules_next_dist_4b2403f5._.js:2294
[  176341ms] [LOG] [Fast Refresh] rebuilding @ http://localhost:3000/_next/static/chunks/node_modules_next_dist_4b2403f5._.js:2294
[  176493ms] [LOG] [Fast Refresh] done in 259ms @ http://localhost:3000/_next/static/chunks/node_modules_next_dist_4b2403f5._.js:2294
[  176670ms] [LOG] [Fast Refresh] rebuilding @ http://localhost:3000/_next/static/chunks/node_modules_next_dist_4b2403f5._.js:2294
[  176938ms] [LOG] [Fast Refresh] done in 382ms @ http://localhost:3000/_next/static/chunks/node_modules_next_dist_4b2403f5._.js:2294
[  179063ms] [INFO] %cDownload the React DevTools for a better development experience: https://react.dev/link/react-devtools font-weight:bold @ http://localhost:3000/_next/static/chunks/node_modules_next_dist_4b2403f5._.js:2294
[  179255ms] [LOG] [HMR] connected @ http://localhost:3000/_next/static/chunks/node_modules_next_dist_4b2403f5._.js:2294
[  179489ms] [WARNING] Image with src "/backoffolder.avif" has legacy prop "layout". Did you forget to run the codemod?
Read more: https://nextjs.org/docs/messages/next-image-upgrade-to-13 @ http://localhost:3000/_next/static/chunks/node_modules_next_dist_4b2403f5._.js:2294
[  179490ms] [WARNING] Image with src "/backoffolder.avif" has legacy prop "objectFit". Did you forget to run the codemod?
Read more: https://nextjs.org/docs/messages/next-image-upgrade-to-13 @ http://localhost:3000/_next/static/chunks/node_modules_next_dist_4b2403f5._.js:2294
[  179492ms] [WARNING] Image with src "/cert1card.avif" has legacy prop "layout". Did you forget to run the codemod?
Read more: https://nextjs.org/docs/messages/next-image-upgrade-to-13 @ http://localhost:3000/_next/static/chunks/node_modules_next_dist_4b2403f5._.js:2294
[  179492ms] [WARNING] Image with src "/cert1card.avif" has legacy prop "objectFit". Did you forget to run the codemod?
Read more: https://nextjs.org/docs/messages/next-image-upgrade-to-13 @ http://localhost:3000/_next/static/chunks/node_modules_next_dist_4b2403f5._.js:2294
[  179497ms] [WARNING] Image with src "/cert2card.avif" has legacy prop "layout". Did you forget to run the codemod?
Read more: https://nextjs.org/docs/messages/next-image-upgrade-to-13 @ http://localhost:3000/_next/static/chunks/node_modules_next_dist_4b2403f5._.js:2294
[  179497ms] [WARNING] Image with src "/cert2card.avif" has legacy prop "objectFit". Did you forget to run the codemod?
Read more: https://nextjs.org/docs/messages/next-image-upgrade-to-13 @ http://localhost:3000/_next/static/chunks/node_modules_next_dist_4b2403f5._.js:2294
[  179498ms] [WARNING] Image with src "/cert3card.avif" has legacy prop "layout". Did you forget to run the codemod?
Read more: https://nextjs.org/docs/messages/next-image-upgrade-to-13 @ http://localhost:3000/_next/static/chunks/node_modules_next_dist_4b2403f5._.js:2294
[  179498ms] [WARNING] Image with src "/cert3card.avif" has legacy prop "objectFit". Did you forget to run the codemod?
Read more: https://nextjs.org/docs/messages/next-image-upgrade-to-13 @ http://localhost:3000/_next/static/chunks/node_modules_next_dist_4b2403f5._.js:2294
[  179500ms] [WARNING] Image with src "/cert4card.avif" has legacy prop "layout". Did you forget to run the codemod?
Read more: https://nextjs.org/docs/messages/next-image-upgrade-to-13 @ http://localhost:3000/_next/static/chunks/node_modules_next_dist_4b2403f5._.js:2294
[  179500ms] [WARNING] Image with src "/cert4card.avif" has legacy prop "objectFit". Did you forget to run the codemod?
Read more: https://nextjs.org/docs/messages/next-image-upgrade-to-13 @ http://localhost:3000/_next/static/chunks/node_modules_next_dist_4b2403f5._.js:2294
[  179501ms] [WARNING] Image with src "/blankcard.avif" has legacy prop "layout". Did you forget to run the codemod?
Read more: https://nextjs.org/docs/messages/next-image-upgrade-to-13 @ http://localhost:3000/_next/static/chunks/node_modules_next_dist_4b2403f5._.js:2294
[  179501ms] [WARNING] Image with src "/blankcard.avif" has legacy prop "objectFit". Did you forget to run the codemod?
Read more: https://nextjs.org/docs/messages/next-image-upgrade-to-13 @ http://localhost:3000/_next/static/chunks/node_modules_next_dist_4b2403f5._.js:2294
[  179502ms] [WARNING] Image with src "/frontoffolder.avif" has legacy prop "layout". Did you forget to run the codemod?
Read more: https://nextjs.org/docs/messages/next-image-upgrade-to-13 @ http://localhost:3000/_next/static/chunks/node_modules_next_dist_4b2403f5._.js:2294
[  179503ms] [WARNING] Image with src "/frontoffolder.avif" has legacy prop "objectFit". Did you forget to run the codemod?
Read more: https://nextjs.org/docs/messages/next-image-upgrade-to-13 @ http://localhost:3000/_next/static/chunks/node_modules_next_dist_4b2403f5._.js:2294
[  179514ms] [LOG] [Fast Refresh] rebuilding @ http://localhost:3000/_next/static/chunks/node_modules_next_dist_4b2403f5._.js:2294
[  179520ms] [WARNING] Image with src "/footer1.png" has legacy prop "layout". Did you forget to run the codemod?
Read more: https://nextjs.org/docs/messages/next-image-upgrade-to-13 @ http://localhost:3000/_next/static/chunks/node_modules_next_dist_4b2403f5._.js:2294
[  179521ms] [WARNING] Image with src "/footer1.png" has legacy prop "objectFit". Did you forget to run the codemod?
Read more: https://nextjs.org/docs/messages/next-image-upgrade-to-13 @ http://localhost:3000/_next/static/chunks/node_modules_next_dist_4b2403f5._.js:2294
[  179636ms] [WARNING] Please ensure that the container has a non-static position, like 'relative', 'fixed', or 'absolute' to ensure scroll offset is calculated correctly. @ http://localhost:3000/_next/static/chunks/node_modules_next_dist_4b2403f5._.js:2294
[  179653ms] [LOG] [Fast Refresh] done in 252ms @ http://localhost:3000/_next/static/chunks/node_modules_next_dist_4b2403f5._.js:2294
[  179791ms] [LOG] [Fast Refresh] rebuilding @ http://localhost:3000/_next/static/chunks/node_modules_next_dist_4b2403f5._.js:2294
[  180038ms] [LOG] [Fast Refresh] done in 354ms @ http://localhost:3000/_next/static/chunks/node_modules_next_dist_4b2403f5._.js:2294
[  180149ms] [LOG] [Fast Refresh] rebuilding @ http://localhost:3000/_next/static/chunks/node_modules_next_dist_4b2403f5._.js:2294
[  180333ms] [LOG] [Fast Refresh] done in 295ms @ http://localhost:3000/_next/static/chunks/node_modules_next_dist_4b2403f5._.js:2294
[  180450ms] [LOG] [Fast Refresh] rebuilding @ http://localhost:3000/_next/static/chunks/node_modules_next_dist_4b2403f5._.js:2294
[  180585ms] [LOG] [Fast Refresh] done in 250ms @ http://localhost:3000/_next/static/chunks/node_modules_next_dist_4b2403f5._.js:2294
[  180805ms] [LOG] [Fast Refresh] rebuilding @ http://localhost:3000/_next/static/chunks/node_modules_next_dist_4b2403f5._.js:2294
[  181202ms] [LOG] [Fast Refresh] done in 501ms @ http://localhost:3000/_next/static/chunks/node_modules_next_dist_4b2403f5._.js:2294
[  181669ms] [LOG] [Fast Refresh] rebuilding @ http://localhost:3000/_next/static/chunks/node_modules_next_dist_4b2403f5._.js:2294
[  181839ms] [LOG] [Fast Refresh] done in 354ms @ http://localhost:3000/_next/static/chunks/node_modules_next_dist_4b2403f5._.js:2294
[  181946ms] [LOG] [Fast Refresh] rebuilding @ http://localhost:3000/_next/static/chunks/node_modules_next_dist_4b2403f5._.js:2294
[  182066ms] [LOG] [Fast Refresh] done in 226ms @ http://localhost:3000/_next/static/chunks/node_modules_next_dist_4b2403f5._.js:2294
[  182190ms] [LOG] [Fast Refresh] rebuilding @ http://localhost:3000/_next/static/chunks/node_modules_next_dist_4b2403f5._.js:2294
[  182357ms] [LOG] [Fast Refresh] done in 271ms @ http://localhost:3000/_next/static/chunks/node_modules_next_dist_4b2403f5._.js:2294
[  182464ms] [LOG] [Fast Refresh] rebuilding @ http://localhost:3000/_next/static/chunks/node_modules_next_dist_4b2403f5._.js:2294
[  182541ms] [LOG] [Fast Refresh] done in 182ms @ http://localhost:3000/_next/static/chunks/node_modules_next_dist_4b2403f5._.js:2294
[  182758ms] [LOG] [Fast Refresh] rebuilding @ http://localhost:3000/_next/static/chunks/node_modules_next_dist_4b2403f5._.js:2294
[  182789ms] [LOG] [Fast Refresh] done in 184ms @ http://localhost:3000/_next/static/chunks/node_modules_next_dist_4b2403f5._.js:2294
[  182958ms] [LOG] [Fast Refresh] rebuilding @ http://localhost:3000/_next/static/chunks/node_modules_next_dist_4b2403f5._.js:2294
[  183340ms] [LOG] [Fast Refresh] done in 488ms @ http://localhost:3000/_next/static/chunks/node_modules_next_dist_4b2403f5._.js:2294
[  183451ms] [LOG] [Fast Refresh] rebuilding @ http://localhost:3000/_next/static/chunks/node_modules_next_dist_4b2403f5._.js:2294
[  183835ms] [LOG] [Fast Refresh] done in 494ms @ http://localhost:3000/_next/static/chunks/node_modules_next_dist_4b2403f5._.js:2294
[  184105ms] [LOG] [Fast Refresh] rebuilding @ http://localhost:3000/_next/static/chunks/node_modules_next_dist_4b2403f5._.js:2294
[  184255ms] [LOG] [Fast Refresh] done in 251ms @ http://localhost:3000/_next/static/chunks/node_modules_next_dist_4b2403f5._.js:2294
[  184416ms] [LOG] [Fast Refresh] rebuilding @ http://localhost:3000/_next/static/chunks/node_modules_next_dist_4b2403f5._.js:2294
[  184511ms] [LOG] [Fast Refresh] done in 206ms @ http://localhost:3000/_next/static/chunks/node_modules_next_dist_4b2403f5._.js:2294
[  184702ms] [LOG] [Fast Refresh] rebuilding @ http://localhost:3000/_next/static/chunks/node_modules_next_dist_4b2403f5._.js:2294
[  184980ms] [LOG] [Fast Refresh] done in 379ms @ http://localhost:3000/_next/static/chunks/node_modules_next_dist_4b2403f5._.js:2294
[  185089ms] [LOG] [Fast Refresh] rebuilding @ http://localhost:3000/_next/static/chunks/node_modules_next_dist_4b2403f5._.js:2294
[  185191ms] [LOG] [Fast Refresh] done in 209ms @ http://localhost:3000/_next/static/chunks/node_modules_next_dist_4b2403f5._.js:2294
[  185298ms] [LOG] [Fast Refresh] rebuilding @ http://localhost:3000/_next/static/chunks/node_modules_next_dist_4b2403f5._.js:2294
[  185383ms] [LOG] [Fast Refresh] done in 185ms @ http://localhost:3000/_next/static/chunks/node_modules_next_dist_4b2403f5._.js:2294
[  185489ms] [LOG] [Fast Refresh] rebuilding @ http://localhost:3000/_next/static/chunks/node_modules_next_dist_4b2403f5._.js:2294
[  185579ms] [LOG] [Fast Refresh] done in 195ms @ http://localhost:3000/_next/static/chunks/node_modules_next_dist_4b2403f5._.js:2294
[  185817ms] [LOG] [Fast Refresh] rebuilding @ http://localhost:3000/_next/static/chunks/node_modules_next_dist_4b2403f5._.js:2294
[  185967ms] [LOG] [Fast Refresh] done in 258ms @ http://localhost:3000/_next/static/chunks/node_modules_next_dist_4b2403f5._.js:2294
[  186170ms] [LOG] [Fast Refresh] rebuilding @ http://localhost:3000/_next/static/chunks/node_modules_next_dist_4b2403f5._.js:2294
[  186271ms] [LOG] [Fast Refresh] done in 203ms @ http://localhost:3000/_next/static/chunks/node_modules_next_dist_4b2403f5._.js:2294
[  186467ms] [LOG] [Fast Refresh] rebuilding @ http://localhost:3000/_next/static/chunks/node_modules_next_dist_4b2403f5._.js:2294
[  186562ms] [LOG] [Fast Refresh] done in 195ms @ http://localhost:3000/_next/static/chunks/node_modules_next_dist_4b2403f5._.js:2294
[  186664ms] [LOG] [Fast Refresh] rebuilding @ http://localhost:3000/_next/static/chunks/node_modules_next_dist_4b2403f5._.js:2294
[  186825ms] [LOG] [Fast Refresh] done in 261ms @ http://localhost:3000/_next/static/chunks/node_modules_next_dist_4b2403f5._.js:2294
[  186974ms] [LOG] [Fast Refresh] rebuilding @ http://localhost:3000/_next/static/chunks/node_modules_next_dist_4b2403f5._.js:2294
[  187129ms] [LOG] [Fast Refresh] done in 263ms @ http://localhost:3000/_next/static/chunks/node_modules_next_dist_4b2403f5._.js:2294
[  187231ms] [LOG] [Fast Refresh] rebuilding @ http://localhost:3000/_next/static/chunks/node_modules_next_dist_4b2403f5._.js:2294
[  187357ms] [LOG] [Fast Refresh] done in 227ms @ http://localhost:3000/_next/static/chunks/node_modules_next_dist_4b2403f5._.js:2294
[  187521ms] [LOG] [Fast Refresh] rebuilding @ http://localhost:3000/_next/static/chunks/node_modules_next_dist_4b2403f5._.js:2294
[  187682ms] [LOG] [Fast Refresh] done in 264ms @ http://localhost:3000/_next/static/chunks/node_modules_next_dist_4b2403f5._.js:2294
[  187785ms] [LOG] [Fast Refresh] rebuilding @ http://localhost:3000/_next/static/chunks/node_modules_next_dist_4b2403f5._.js:2294
[  187977ms] [LOG] [Fast Refresh] done in 293ms @ http://localhost:3000/_next/static/chunks/node_modules_next_dist_4b2403f5._.js:2294
[  188091ms] [LOG] [Fast Refresh] rebuilding @ http://localhost:3000/_next/static/chunks/node_modules_next_dist_4b2403f5._.js:2294
[  188246ms] [LOG] [Fast Refresh] done in 261ms @ http://localhost:3000/_next/static/chunks/node_modules_next_dist_4b2403f5._.js:2294
[  188352ms] [LOG] [Fast Refresh] rebuilding @ http://localhost:3000/_next/static/chunks/node_modules_next_dist_4b2403f5._.js:2294
[  188491ms] [LOG] [Fast Refresh] done in 244ms @ http://localhost:3000/_next/static/chunks/node_modules_next_dist_4b2403f5._.js:2294
[  188668ms] [LOG] [Fast Refresh] rebuilding @ http://localhost:3000/_next/static/chunks/node_modules_next_dist_4b2403f5._.js:2294
[  188885ms] [LOG] [Fast Refresh] done in 320ms @ http://localhost:3000/_next/static/chunks/node_modules_next_dist_4b2403f5._.js:2294
[  189073ms] [LOG] [Fast Refresh] rebuilding @ http://localhost:3000/_next/static/chunks/node_modules_next_dist_4b2403f5._.js:2294
[  189227ms] [LOG] [Fast Refresh] done in 256ms @ http://localhost:3000/_next/static/chunks/node_modules_next_dist_4b2403f5._.js:2294
[  189409ms] [LOG] [Fast Refresh] rebuilding @ http://localhost:3000/_next/static/chunks/node_modules_next_dist_4b2403f5._.js:2294
[  189542ms] [LOG] [Fast Refresh] done in 238ms @ http://localhost:3000/_next/static/chunks/node_modules_next_dist_4b2403f5._.js:2294
[  189653ms] [LOG] [Fast Refresh] rebuilding @ http://localhost:3000/_next/static/chunks/node_modules_next_dist_4b2403f5._.js:2294
[  189852ms] [LOG] [Fast Refresh] done in 305ms @ http://localhost:3000/_next/static/chunks/node_modules_next_dist_4b2403f5._.js:2294
[  189958ms] [LOG] [Fast Refresh] rebuilding @ http://localhost:3000/_next/static/chunks/node_modules_next_dist_4b2403f5._.js:2294
[  190102ms] [LOG] [Fast Refresh] done in 248ms @ http://localhost:3000/_next/static/chunks/node_modules_next_dist_4b2403f5._.js:2294
[  190348ms] [LOG] [Fast Refresh] rebuilding @ http://localhost:3000/_next/static/chunks/node_modules_next_dist_4b2403f5._.js:2294
[  190507ms] [LOG] [Fast Refresh] done in 261ms @ http://localhost:3000/_next/static/chunks/node_modules_next_dist_4b2403f5._.js:2294
[  190700ms] [LOG] [Fast Refresh] rebuilding @ http://localhost:3000/_next/static/chunks/node_modules_next_dist_4b2403f5._.js:2294
[  190874ms] [LOG] [Fast Refresh] done in 274ms @ http://localhost:3000/_next/static/chunks/node_modules_next_dist_4b2403f5._.js:2294
[  191007ms] [LOG] [Fast Refresh] rebuilding @ http://localhost:3000/_next/static/chunks/node_modules_next_dist_4b2403f5._.js:2294
[  191215ms] [LOG] [Fast Refresh] done in 314ms @ http://localhost:3000/_next/static/chunks/node_modules_next_dist_4b2403f5._.js:2294
[  191320ms] [LOG] [Fast Refresh] rebuilding @ http://localhost:3000/_next/static/chunks/node_modules_next_dist_4b2403f5._.js:2294
[  191506ms] [LOG] [Fast Refresh] done in 290ms @ http://localhost:3000/_next/static/chunks/node_modules_next_dist_4b2403f5._.js:2294
[  191626ms] [LOG] [Fast Refresh] rebuilding @ http://localhost:3000/_next/static/chunks/node_modules_next_dist_4b2403f5._.js:2294
[  191839ms] [LOG] [Fast Refresh] done in 315ms @ http://localhost:3000/_next/static/chunks/node_modules_next_dist_4b2403f5._.js:2294
[  191950ms] [LOG] [Fast Refresh] rebuilding @ http://localhost:3000/_next/static/chunks/node_modules_next_dist_4b2403f5._.js:2294
[  192300ms] [LOG] [Fast Refresh] done in 459ms @ http://localhost:3000/_next/static/chunks/node_modules_next_dist_4b2403f5._.js:2294
[  192605ms] [LOG] [Fast Refresh] rebuilding @ http://localhost:3000/_next/static/chunks/node_modules_next_dist_4b2403f5._.js:2294
[  192783ms] [LOG] [Fast Refresh] done in 280ms @ http://localhost:3000/_next/static/chunks/node_modules_next_dist_4b2403f5._.js:2294
[  192887ms] [LOG] [Fast Refresh] rebuilding @ http://localhost:3000/_next/static/chunks/node_modules_next_dist_4b2403f5._.js:2294
[  193039ms] [LOG] [Fast Refresh] done in 254ms @ http://localhost:3000/_next/static/chunks/node_modules_next_dist_4b2403f5._.js:2294
[  193206ms] [LOG] [Fast Refresh] rebuilding @ http://localhost:3000/_next/static/chunks/node_modules_next_dist_4b2403f5._.js:2294
[  193341ms] [LOG] [Fast Refresh] done in 238ms @ http://localhost:3000/_next/static/chunks/node_modules_next_dist_4b2403f5._.js:2294
[  193463ms] [LOG] [Fast Refresh] rebuilding @ http://localhost:3000/_next/static/chunks/node_modules_next_dist_4b2403f5._.js:2294
[  193555ms] [LOG] [Fast Refresh] done in 209ms @ http://localhost:3000/_next/static/chunks/node_modules_next_dist_4b2403f5._.js:2294
[  193667ms] [LOG] [Fast Refresh] rebuilding @ http://localhost:3000/_next/static/chunks/node_modules_next_dist_4b2403f5._.js:2294
[  193844ms] [LOG] [Fast Refresh] done in 287ms @ http://localhost:3000/_next/static/chunks/node_modules_next_dist_4b2403f5._.js:2294
[  194003ms] [LOG] [Fast Refresh] rebuilding @ http://localhost:3000/_next/static/chunks/node_modules_next_dist_4b2403f5._.js:2294
[  194173ms] [LOG] [Fast Refresh] done in 271ms @ http://localhost:3000/_next/static/chunks/node_modules_next_dist_4b2403f5._.js:2294
[  194285ms] [LOG] [Fast Refresh] rebuilding @ http://localhost:3000/_next/static/chunks/node_modules_next_dist_4b2403f5._.js:2294
[  194466ms] [LOG] [Fast Refresh] done in 291ms @ http://localhost:3000/_next/static/chunks/node_modules_next_dist_4b2403f5._.js:2294
[  194587ms] [LOG] [Fast Refresh] rebuilding @ http://localhost:3000/_next/static/chunks/node_modules_next_dist_4b2403f5._.js:2294
[  195003ms] [LOG] [Fast Refresh] done in 535ms @ http://localhost:3000/_next/static/chunks/node_modules_next_dist_4b2403f5._.js:2294
[  195304ms] [LOG] [Fast Refresh] rebuilding @ http://localhost:3000/_next/static/chunks/node_modules_next_dist_4b2403f5._.js:2294
[  195430ms] [LOG] [Fast Refresh] done in 233ms @ http://localhost:3000/_next/static/chunks/node_modules_next_dist_4b2403f5._.js:2294
[  195536ms] [LOG] [Fast Refresh] rebuilding @ http://localhost:3000/_next/static/chunks/node_modules_next_dist_4b2403f5._.js:2294
[  195634ms] [LOG] [Fast Refresh] done in 202ms @ http://localhost:3000/_next/static/chunks/node_modules_next_dist_4b2403f5._.js:2294
[  195740ms] [LOG] [Fast Refresh] rebuilding @ http://localhost:3000/_next/static/chunks/node_modules_next_dist_4b2403f5._.js:2294
[  196154ms] [LOG] [Fast Refresh] done in 520ms @ http://localhost:3000/_next/static/chunks/node_modules_next_dist_4b2403f5._.js:2294
[  196465ms] [LOG] [Fast Refresh] rebuilding @ http://localhost:3000/_next/static/chunks/node_modules_next_dist_4b2403f5._.js:2294
[  196806ms] [LOG] [Fast Refresh] done in 443ms @ http://localhost:3000/_next/static/chunks/node_modules_next_dist_4b2403f5._.js:2294
[  197100ms] [LOG] [Fast Refresh] rebuilding @ http://localhost:3000/_next/static/chunks/node_modules_next_dist_4b2403f5._.js:2294
[  197301ms] [LOG] [Fast Refresh] done in 305ms @ http://localhost:3000/_next/static/chunks/node_modules_next_dist_4b2403f5._.js:2294
[  197406ms] [LOG] [Fast Refresh] rebuilding @ http://localhost:3000/_next/static/chunks/node_modules_next_dist_4b2403f5._.js:2294
[  197531ms] [LOG] [Fast Refresh] done in 228ms @ http://localhost:3000/_next/static/chunks/node_modules_next_dist_4b2403f5._.js:2294
[  197641ms] [LOG] [Fast Refresh] rebuilding @ http://localhost:3000/_next/static/chunks/node_modules_next_dist_4b2403f5._.js:2294
[  197774ms] [LOG] [Fast Refresh] done in 241ms @ http://localhost:3000/_next/static/chunks/node_modules_next_dist_4b2403f5._.js:2294
[  197886ms] [LOG] [Fast Refresh] rebuilding @ http://localhost:3000/_next/static/chunks/node_modules_next_dist_4b2403f5._.js:2294
[  198036ms] [LOG] [Fast Refresh] done in 261ms @ http://localhost:3000/_next/static/chunks/node_modules_next_dist_4b2403f5._.js:2294
[  198219ms] [LOG] [Fast Refresh] rebuilding @ http://localhost:3000/_next/static/chunks/node_modules_next_dist_4b2403f5._.js:2294
[  198456ms] [LOG] [Fast Refresh] done in 338ms @ http://localhost:3000/_next/static/chunks/node_modules_next_dist_4b2403f5._.js:2294
[  198654ms] [LOG] [Fast Refresh] rebuilding @ http://localhost:3000/_next/static/chunks/node_modules_next_dist_4b2403f5._.js:2294
[  198873ms] [LOG] [Fast Refresh] done in 319ms @ http://localhost:3000/_next/static/chunks/node_modules_next_dist_4b2403f5._.js:2294
[  199006ms] [LOG] [Fast Refresh] rebuilding @ http://localhost:3000/_next/static/chunks/node_modules_next_dist_4b2403f5._.js:2294
[  199218ms] [LOG] [Fast Refresh] done in 315ms @ http://localhost:3000/_next/static/chunks/node_modules_next_dist_4b2403f5._.js:2294
[  199388ms] [LOG] [Fast Refresh] rebuilding @ http://localhost:3000/_next/static/chunks/node_modules_next_dist_4b2403f5._.js:2294
[  199501ms] [LOG] [Fast Refresh] done in 221ms @ http://localhost:3000/_next/static/chunks/node_modules_next_dist_4b2403f5._.js:2294
[  199610ms] [LOG] [Fast Refresh] rebuilding @ http://localhost:3000/_next/static/chunks/node_modules_next_dist_4b2403f5._.js:2294
[  199754ms] [LOG] [Fast Refresh] done in 251ms @ http://localhost:3000/_next/static/chunks/node_modules_next_dist_4b2403f5._.js:2294
[  199861ms] [LOG] [Fast Refresh] rebuilding @ http://localhost:3000/_next/static/chunks/node_modules_next_dist_4b2403f5._.js:2294
[  200225ms] [LOG] [Fast Refresh] done in 469ms @ http://localhost:3000/_next/static/chunks/node_modules_next_dist_4b2403f5._.js:2294
[  200548ms] [LOG] [Fast Refresh] rebuilding @ http://localhost:3000/_next/static/chunks/node_modules_next_dist_4b2403f5._.js:2294
[  200686ms] [LOG] [Fast Refresh] done in 249ms @ http://localhost:3000/_next/static/chunks/node_modules_next_dist_4b2403f5._.js:2294
[  200798ms] [LOG] [Fast Refresh] rebuilding @ http://localhost:3000/_next/static/chunks/node_modules_next_dist_4b2403f5._.js:2294
[  200937ms] [LOG] [Fast Refresh] done in 249ms @ http://localhost:3000/_next/static/chunks/node_modules_next_dist_4b2403f5._.js:2294
[  201039ms] [LOG] [Fast Refresh] rebuilding @ http://localhost:3000/_next/static/chunks/node_modules_next_dist_4b2403f5._.js:2294
[  201442ms] [LOG] [Fast Refresh] done in 504ms @ http://localhost:3000/_next/static/chunks/node_modules_next_dist_4b2403f5._.js:2294
[  201733ms] [LOG] [Fast Refresh] rebuilding @ http://localhost:3000/_next/static/chunks/node_modules_next_dist_4b2403f5._.js:2294
[  201902ms] [LOG] [Fast Refresh] done in 270ms @ http://localhost:3000/_next/static/chunks/node_modules_next_dist_4b2403f5._.js:2294
[  202081ms] [LOG] [Fast Refresh] rebuilding @ http://localhost:3000/_next/static/chunks/node_modules_next_dist_4b2403f5._.js:2294
[  202787ms] [LOG] [Fast Refresh] done in 814ms @ http://localhost:3000/_next/static/chunks/node_modules_next_dist_4b2403f5._.js:2294
[  203079ms] [LOG] [Fast Refresh] rebuilding @ http://localhost:3000/_next/static/chunks/node_modules_next_dist_4b2403f5._.js:2294
[  203236ms] [LOG] [Fast Refresh] done in 261ms @ http://localhost:3000/_next/static/chunks/node_modules_next_dist_4b2403f5._.js:2294
[  203406ms] [LOG] [Fast Refresh] rebuilding @ http://localhost:3000/_next/static/chunks/node_modules_next_dist_4b2403f5._.js:2294
[  203501ms] [LOG] [Fast Refresh] done in 204ms @ http://localhost:3000/_next/static/chunks/node_modules_next_dist_4b2403f5._.js:2294
[  203606ms] [LOG] [Fast Refresh] rebuilding @ http://localhost:3000/_next/static/chunks/node_modules_next_dist_4b2403f5._.js:2294
[  203723ms] [LOG] [Fast Refresh] done in 221ms @ http://localhost:3000/_next/static/chunks/node_modules_next_dist_4b2403f5._.js:2294
[  203832ms] [LOG] [Fast Refresh] rebuilding @ http://localhost:3000/_next/static/chunks/node_modules_next_dist_4b2403f5._.js:2294
[  204039ms] [LOG] [Fast Refresh] done in 311ms @ http://localhost:3000/_next/static/chunks/node_modules_next_dist_4b2403f5._.js:2294
[  204151ms] [LOG] [Fast Refresh] rebuilding @ http://localhost:3000/_next/static/chunks/node_modules_next_dist_4b2403f5._.js:2294
[  204340ms] [LOG] [Fast Refresh] done in 294ms @ http://localhost:3000/_next/static/chunks/node_modules_next_dist_4b2403f5._.js:2294
[  204471ms] [LOG] [Fast Refresh] rebuilding @ http://localhost:3000/_next/static/chunks/node_modules_next_dist_4b2403f5._.js:2294
[  204890ms] [LOG] [Fast Refresh] done in 522ms @ http://localhost:3000/_next/static/chunks/node_modules_next_dist_4b2403f5._.js:2294
[  205199ms] [LOG] [Fast Refresh] rebuilding @ http://localhost:3000/_next/static/chunks/node_modules_next_dist_4b2403f5._.js:2294
[  205573ms] [LOG] [Fast Refresh] done in 474ms @ http://localhost:3000/_next/static/chunks/node_modules_next_dist_4b2403f5._.js:2294
[  205898ms] [LOG] [Fast Refresh] rebuilding @ http://localhost:3000/_next/static/chunks/node_modules_next_dist_4b2403f5._.js:2294
[  206374ms] [LOG] [Fast Refresh] done in 582ms @ http://localhost:3000/_next/static/chunks/node_modules_next_dist_4b2403f5._.js:2294
[  206672ms] [LOG] [Fast Refresh] rebuilding @ http://localhost:3000/_next/static/chunks/node_modules_next_dist_4b2403f5._.js:2294
[  207065ms] [LOG] [Fast Refresh] done in 495ms @ http://localhost:3000/_next/static/chunks/node_modules_next_dist_4b2403f5._.js:2294
[  207353ms] [LOG] [Fast Refresh] rebuilding @ http://localhost:3000/_next/static/chunks/node_modules_next_dist_4b2403f5._.js:2294
[  207504ms] [LOG] [Fast Refresh] done in 253ms @ http://localhost:3000/_next/static/chunks/node_modules_next_dist_4b2403f5._.js:2294
[  207607ms] [LOG] [Fast Refresh] rebuilding @ http://localhost:3000/_next/static/chunks/node_modules_next_dist_4b2403f5._.js:2294
[  207746ms] [LOG] [Fast Refresh] done in 241ms @ http://localhost:3000/_next/static/chunks/node_modules_next_dist_4b2403f5._.js:2294
[  207851ms] [LOG] [Fast Refresh] rebuilding @ http://localhost:3000/_next/static/chunks/node_modules_next_dist_4b2403f5._.js:2294
[  208010ms] [LOG] [Fast Refresh] done in 263ms @ http://localhost:3000/_next/static/chunks/node_modules_next_dist_4b2403f5._.js:2294
[  208183ms] [LOG] [Fast Refresh] rebuilding @ http://localhost:3000/_next/static/chunks/node_modules_next_dist_4b2403f5._.js:2294
[  208533ms] [LOG] [Fast Refresh] done in 458ms @ http://localhost:3000/_next/static/chunks/node_modules_next_dist_4b2403f5._.js:2294
[  208813ms] [LOG] [Fast Refresh] rebuilding @ http://localhost:3000/_next/static/chunks/node_modules_next_dist_4b2403f5._.js:2294
[  208973ms] [LOG] [Fast Refresh] done in 268ms @ http://localhost:3000/_next/static/chunks/node_modules_next_dist_4b2403f5._.js:2294
[  209080ms] [LOG] [Fast Refresh] rebuilding @ http://localhost:3000/_next/static/chunks/node_modules_next_dist_4b2403f5._.js:2294
[  209254ms] [LOG] [Fast Refresh] done in 280ms @ http://localhost:3000/_next/static/chunks/node_modules_next_dist_4b2403f5._.js:2294
[  209359ms] [LOG] [Fast Refresh] rebuilding @ http://localhost:3000/_next/static/chunks/node_modules_next_dist_4b2403f5._.js:2294
[  209479ms] [LOG] [Fast Refresh] done in 222ms @ http://localhost:3000/_next/static/chunks/node_modules_next_dist_4b2403f5._.js:2294
[  209660ms] [LOG] [Fast Refresh] rebuilding @ http://localhost:3000/_next/static/chunks/node_modules_next_dist_4b2403f5._.js:2294
[  209786ms] [LOG] [Fast Refresh] done in 231ms @ http://localhost:3000/_next/static/chunks/node_modules_next_dist_4b2403f5._.js:2294
[  209895ms] [LOG] [Fast Refresh] rebuilding @ http://localhost:3000/_next/static/chunks/node_modules_next_dist_4b2403f5._.js:2294
[  210060ms] [LOG] [Fast Refresh] done in 272ms @ http://localhost:3000/_next/static/chunks/node_modules_next_dist_4b2403f5._.js:2294
[  210190ms] [LOG] [Fast Refresh] rebuilding @ http://localhost:3000/_next/static/chunks/node_modules_next_dist_4b2403f5._.js:2294
[  210336ms] [LOG] [Fast Refresh] done in 249ms @ http://localhost:3000/_next/static/chunks/node_modules_next_dist_4b2403f5._.js:2294
[  210452ms] [LOG] [Fast Refresh] rebuilding @ http://localhost:3000/_next/static/chunks/node_modules_next_dist_4b2403f5._.js:2294
[  210720ms] [LOG] [Fast Refresh] done in 384ms @ http://localhost:3000/_next/static/chunks/node_modules_next_dist_4b2403f5._.js:2294
[  210832ms] [LOG] [Fast Refresh] rebuilding @ http://localhost:3000/_next/static/chunks/node_modules_next_dist_4b2403f5._.js:2294
[  210994ms] [LOG] [Fast Refresh] done in 271ms @ http://localhost:3000/_next/static/chunks/node_modules_next_dist_4b2403f5._.js:2294
[  211098ms] [LOG] [Fast Refresh] rebuilding @ http://localhost:3000/_next/static/chunks/node_modules_next_dist_4b2403f5._.js:2294
[  211266ms] [LOG] [Fast Refresh] done in 272ms @ http://localhost:3000/_next/static/chunks/node_modules_next_dist_4b2403f5._.js:2294
[  211448ms] [LOG] [Fast Refresh] rebuilding @ http://localhost:3000/_next/static/chunks/node_modules_next_dist_4b2403f5._.js:2294
[  211597ms] [LOG] [Fast Refresh] done in 253ms @ http://localhost:3000/_next/static/chunks/node_modules_next_dist_4b2403f5._.js:2294
[  211698ms] [LOG] [Fast Refresh] rebuilding @ http://localhost:3000/_next/static/chunks/node_modules_next_dist_4b2403f5._.js:2294
[  211833ms] [LOG] [Fast Refresh] done in 234ms @ http://localhost:3000/_next/static/chunks/node_modules_next_dist_4b2403f5._.js:2294
[  211952ms] [LOG] [Fast Refresh] rebuilding @ http://localhost:3000/_next/static/chunks/node_modules_next_dist_4b2403f5._.js:2294
[  212122ms] [LOG] [Fast Refresh] done in 277ms @ http://localhost:3000/_next/static/chunks/node_modules_next_dist_4b2403f5._.js:2294
[  212302ms] [LOG] [Fast Refresh] rebuilding @ http://localhost:3000/_next/static/chunks/node_modules_next_dist_4b2403f5._.js:2294
[  212714ms] [LOG] [Fast Refresh] done in 513ms @ http://localhost:3000/_next/static/chunks/node_modules_next_dist_4b2403f5._.js:2294
[  213018ms] [LOG] [Fast Refresh] rebuilding @ http://localhost:3000/_next/static/chunks/node_modules_next_dist_4b2403f5._.js:2294
[  213268ms] [LOG] [Fast Refresh] done in 353ms @ http://localhost:3000/_next/static/chunks/node_modules_next_dist_4b2403f5._.js:2294
[  213372ms] [LOG] [Fast Refresh] rebuilding @ http://localhost:3000/_next/static/chunks/node_modules_next_dist_4b2403f5._.js:2294
[  213539ms] [LOG] [Fast Refresh] done in 270ms @ http://localhost:3000/_next/static/chunks/node_modules_next_dist_4b2403f5._.js:2294
[  213677ms] [LOG] [Fast Refresh] rebuilding @ http://localhost:3000/_next/static/chunks/node_modules_next_dist_4b2403f5._.js:2294
[  213890ms] [LOG] [Fast Refresh] done in 315ms @ http://localhost:3000/_next/static/chunks/node_modules_next_dist_4b2403f5._.js:2294
[  214000ms] [LOG] [Fast Refresh] rebuilding @ http://localhost:3000/_next/static/chunks/node_modules_next_dist_4b2403f5._.js:2294
[  214172ms] [LOG] [Fast Refresh] done in 281ms @ http://localhost:3000/_next/static/chunks/node_modules_next_dist_4b2403f5._.js:2294
[  214347ms] [LOG] [Fast Refresh] rebuilding @ http://localhost:3000/_next/static/chunks/node_modules_next_dist_4b2403f5._.js:2294
[  214463ms] [LOG] [Fast Refresh] done in 223ms @ http://localhost:3000/_next/static/chunks/node_modules_next_dist_4b2403f5._.js:2294
[  214648ms] [LOG] [Fast Refresh] rebuilding @ http://localhost:3000/_next/static/chunks/node_modules_next_dist_4b2403f5._.js:2294
[  215075ms] [LOG] [Fast Refresh] done in 535ms @ http://localhost:3000/_next/static/chunks/node_modules_next_dist_4b2403f5._.js:2294
[  215351ms] [LOG] [Fast Refresh] rebuilding @ http://localhost:3000/_next/static/chunks/node_modules_next_dist_4b2403f5._.js:2294
[  215509ms] [LOG] [Fast Refresh] done in 258ms @ http://localhost:3000/_next/static/chunks/node_modules_next_dist_4b2403f5._.js:2294
[  215680ms] [LOG] [Fast Refresh] rebuilding @ http://localhost:3000/_next/static/chunks/node_modules_next_dist_4b2403f5._.js:2294
[  215819ms] [LOG] [Fast Refresh] done in 240ms @ http://localhost:3000/_next/static/chunks/node_modules_next_dist_4b2403f5._.js:2294
[  215925ms] [LOG] [Fast Refresh] rebuilding @ http://localhost:3000/_next/static/chunks/node_modules_next_dist_4b2403f5._.js:2294
[  216345ms] [LOG] [Fast Refresh] done in 523ms @ http://localhost:3000/_next/static/chunks/node_modules_next_dist_4b2403f5._.js:2294
[  216645ms] [LOG] [Fast Refresh] rebuilding @ http://localhost:3000/_next/static/chunks/node_modules_next_dist_4b2403f5._.js:2294
[  216772ms] [LOG] [Fast Refresh] done in 227ms @ http://localhost:3000/_next/static/chunks/node_modules_next_dist_4b2403f5._.js:2294
[  216879ms] [LOG] [Fast Refresh] rebuilding @ http://localhost:3000/_next/static/chunks/node_modules_next_dist_4b2403f5._.js:2294
[  217064ms] [LOG] [Fast Refresh] done in 290ms @ http://localhost:3000/_next/static/chunks/node_modules_next_dist_4b2403f5._.js:2294
[  217169ms] [LOG] [Fast Refresh] rebuilding @ http://localhost:3000/_next/static/chunks/node_modules_next_dist_4b2403f5._.js:2294
[  217505ms] [LOG] [Fast Refresh] done in 439ms @ http://localhost:3000/_next/static/chunks/node_modules_next_dist_4b2403f5._.js:2294
[  217804ms] [LOG] [Fast Refresh] rebuilding @ http://localhost:3000/_next/static/chunks/node_modules_next_dist_4b2403f5._.js:2294
[  217960ms] [LOG] [Fast Refresh] done in 261ms @ http://localhost:3000/_next/static/chunks/node_modules_next_dist_4b2403f5._.js:2294
[  218135ms] [LOG] [Fast Refresh] rebuilding @ http://localhost:3000/_next/static/chunks/node_modules_next_dist_4b2403f5._.js:2294
[  218525ms] [LOG] [Fast Refresh] done in 493ms @ http://localhost:3000/_next/static/chunks/node_modules_next_dist_4b2403f5._.js:2294
[  218874ms] [LOG] [Fast Refresh] rebuilding @ http://localhost:3000/_next/static/chunks/node_modules_next_dist_4b2403f5._.js:2294
[  219000ms] [LOG] [Fast Refresh] done in 233ms @ http://localhost:3000/_next/static/chunks/node_modules_next_dist_4b2403f5._.js:2294
[  219104ms] [LOG] [Fast Refresh] rebuilding @ http://localhost:3000/_next/static/chunks/node_modules_next_dist_4b2403f5._.js:2294
[  219308ms] [LOG] [Fast Refresh] done in 305ms @ http://localhost:3000/_next/static/chunks/node_modules_next_dist_4b2403f5._.js:2294
[  219423ms] [LOG] [Fast Refresh] rebuilding @ http://localhost:3000/_next/static/chunks/node_modules_next_dist_4b2403f5._.js:2294
[  219546ms] [LOG] [Fast Refresh] done in 233ms @ http://localhost:3000/_next/static/chunks/node_modules_next_dist_4b2403f5._.js:2294
[  219653ms] [LOG] [Fast Refresh] rebuilding @ http://localhost:3000/_next/static/chunks/node_modules_next_dist_4b2403f5._.js:2294
[  219772ms] [LOG] [Fast Refresh] done in 222ms @ http://localhost:3000/_next/static/chunks/node_modules_next_dist_4b2403f5._.js:2294
[  219981ms] [LOG] [Fast Refresh] rebuilding @ http://localhost:3000/_next/static/chunks/node_modules_next_dist_4b2403f5._.js:2294
[  220170ms] [LOG] [Fast Refresh] done in 294ms @ http://localhost:3000/_next/static/chunks/node_modules_next_dist_4b2403f5._.js:2294
[  220340ms] [LOG] [Fast Refresh] rebuilding @ http://localhost:3000/_next/static/chunks/node_modules_next_dist_4b2403f5._.js:2294
[  220484ms] [LOG] [Fast Refresh] done in 249ms @ http://localhost:3000/_next/static/chunks/node_modules_next_dist_4b2403f5._.js:2294
[  220598ms] [LOG] [Fast Refresh] rebuilding @ http://localhost:3000/_next/static/chunks/node_modules_next_dist_4b2403f5._.js:2294
[  220701ms] [LOG] [Fast Refresh] done in 216ms @ http://localhost:3000/_next/static/chunks/node_modules_next_dist_4b2403f5._.js:2294
[  220804ms] [LOG] [Fast Refresh] rebuilding @ http://localhost:3000/_next/static/chunks/node_modules_next_dist_4b2403f5._.js:2294
[  220956ms] [LOG] [Fast Refresh] done in 253ms @ http://localhost:3000/_next/static/chunks/node_modules_next_dist_4b2403f5._.js:2294
[  221143ms] [LOG] [Fast Refresh] rebuilding @ http://localhost:3000/_next/static/chunks/node_modules_next_dist_4b2403f5._.js:2294
[  221303ms] [LOG] [Fast Refresh] done in 266ms @ http://localhost:3000/_next/static/chunks/node_modules_next_dist_4b2403f5._.js:2294
[  221476ms] [LOG] [Fast Refresh] rebuilding @ http://localhost:3000/_next/static/chunks/node_modules_next_dist_4b2403f5._.js:2294
[  221588ms] [LOG] [Fast Refresh] done in 213ms @ http://localhost:3000/_next/static/chunks/node_modules_next_dist_4b2403f5._.js:2294
[  221692ms] [LOG] [Fast Refresh] rebuilding @ http://localhost:3000/_next/static/chunks/node_modules_next_dist_4b2403f5._.js:2294
[  221839ms] [LOG] [Fast Refresh] done in 249ms @ http://localhost:3000/_next/static/chunks/node_modules_next_dist_4b2403f5._.js:2294
[  222032ms] [LOG] [Fast Refresh] rebuilding @ http://localhost:3000/_next/static/chunks/node_modules_next_dist_4b2403f5._.js:2294
[  222219ms] [LOG] [Fast Refresh] done in 288ms @ http://localhost:3000/_next/static/chunks/node_modules_next_dist_4b2403f5._.js:2294
[  222392ms] [LOG] [Fast Refresh] rebuilding @ http://localhost:3000/_next/static/chunks/node_modules_next_dist_4b2403f5._.js:2294
[  222533ms] [LOG] [Fast Refresh] done in 247ms @ http://localhost:3000/_next/static/chunks/node_modules_next_dist_4b2403f5._.js:2294
[  222635ms] [LOG] [Fast Refresh] rebuilding @ http://localhost:3000/_next/static/chunks/node_modules_next_dist_4b2403f5._.js:2294
[  222770ms] [LOG] [Fast Refresh] done in 235ms @ http://localhost:3000/_next/static/chunks/node_modules_next_dist_4b2403f5._.js:2294
[  222879ms] [LOG] [Fast Refresh] rebuilding @ http://localhost:3000/_next/static/chunks/node_modules_next_dist_4b2403f5._.js:2294
[  223004ms] [LOG] [Fast Refresh] done in 233ms @ http://localhost:3000/_next/static/chunks/node_modules_next_dist_4b2403f5._.js:2294
[  223187ms] [LOG] [Fast Refresh] rebuilding @ http://localhost:3000/_next/static/chunks/node_modules_next_dist_4b2403f5._.js:2294
[  223337ms] [LOG] [Fast Refresh] done in 255ms @ http://localhost:3000/_next/static/chunks/node_modules_next_dist_4b2403f5._.js:2294
[  223476ms] [LOG] [Fast Refresh] rebuilding @ http://localhost:3000/_next/static/chunks/node_modules_next_dist_4b2403f5._.js:2294
[  223604ms] [LOG] [Fast Refresh] done in 235ms @ http://localhost:3000/_next/static/chunks/node_modules_next_dist_4b2403f5._.js:2294
[  223708ms] [LOG] [Fast Refresh] rebuilding @ http://localhost:3000/_next/static/chunks/node_modules_next_dist_4b2403f5._.js:2294
[  223851ms] [LOG] [Fast Refresh] done in 245ms @ http://localhost:3000/_next/static/chunks/node_modules_next_dist_4b2403f5._.js:2294
[  223965ms] [LOG] [Fast Refresh] rebuilding @ http://localhost:3000/_next/static/chunks/node_modules_next_dist_4b2403f5._.js:2294
[  224370ms] [LOG] [Fast Refresh] done in 519ms @ http://localhost:3000/_next/static/chunks/node_modules_next_dist_4b2403f5._.js:2294
[  224683ms] [LOG] [Fast Refresh] rebuilding @ http://localhost:3000/_next/static/chunks/node_modules_next_dist_4b2403f5._.js:2294
[  224849ms] [LOG] [Fast Refresh] done in 277ms @ http://localhost:3000/_next/static/chunks/node_modules_next_dist_4b2403f5._.js:2294
[  224952ms] [LOG] [Fast Refresh] rebuilding @ http://localhost:3000/_next/static/chunks/node_modules_next_dist_4b2403f5._.js:2294
[  225110ms] [LOG] [Fast Refresh] done in 260ms @ http://localhost:3000/_next/static/chunks/node_modules_next_dist_4b2403f5._.js:2294
[  225223ms] [LOG] [Fast Refresh] rebuilding @ http://localhost:3000/_next/static/chunks/node_modules_next_dist_4b2403f5._.js:2294
[  225391ms] [LOG] [Fast Refresh] done in 276ms @ http://localhost:3000/_next/static/chunks/node_modules_next_dist_4b2403f5._.js:2294
[  225518ms] [LOG] [Fast Refresh] rebuilding @ http://localhost:3000/_next/static/chunks/node_modules_next_dist_4b2403f5._.js:2294
[  225648ms] [LOG] [Fast Refresh] done in 234ms @ http://localhost:3000/_next/static/chunks/node_modules_next_dist_4b2403f5._.js:2294
[  225752ms] [LOG] [Fast Refresh] rebuilding @ http://localhost:3000/_next/static/chunks/node_modules_next_dist_4b2403f5._.js:2294
[  225871ms] [LOG] [Fast Refresh] done in 222ms @ http://localhost:3000/_next/static/chunks/node_modules_next_dist_4b2403f5._.js:2294
[  225974ms] [LOG] [Fast Refresh] rebuilding @ http://localhost:3000/_next/static/chunks/node_modules_next_dist_4b2403f5._.js:2294
[  226138ms] [LOG] [Fast Refresh] done in 266ms @ http://localhost:3000/_next/static/chunks/node_modules_next_dist_4b2403f5._.js:2294
[  226321ms] [LOG] [Fast Refresh] rebuilding @ http://localhost:3000/_next/static/chunks/node_modules_next_dist_4b2403f5._.js:2294
[  226482ms] [LOG] [Fast Refresh] done in 264ms @ http://localhost:3000/_next/static/chunks/node_modules_next_dist_4b2403f5._.js:2294
[  226649ms] [LOG] [Fast Refresh] rebuilding @ http://localhost:3000/_next/static/chunks/node_modules_next_dist_4b2403f5._.js:2294
[  227023ms] [LOG] [Fast Refresh] done in 485ms @ http://localhost:3000/_next/static/chunks/node_modules_next_dist_4b2403f5._.js:2294
[  227318ms] [LOG] [Fast Refresh] rebuilding @ http://localhost:3000/_next/static/chunks/node_modules_next_dist_4b2403f5._.js:2294
[  227724ms] [LOG] [Fast Refresh] done in 510ms @ http://localhost:3000/_next/static/chunks/node_modules_next_dist_4b2403f5._.js:2294
[  228019ms] [LOG] [Fast Refresh] rebuilding @ http://localhost:3000/_next/static/chunks/node_modules_next_dist_4b2403f5._.js:2294
[  228403ms] [LOG] [Fast Refresh] done in 487ms @ http://localhost:3000/_next/static/chunks/node_modules_next_dist_4b2403f5._.js:2294
[  228700ms] [LOG] [Fast Refresh] rebuilding @ http://localhost:3000/_next/static/chunks/node_modules_next_dist_4b2403f5._.js:2294
[  229116ms] [LOG] [Fast Refresh] done in 519ms @ http://localhost:3000/_next/static/chunks/node_modules_next_dist_4b2403f5._.js:2294
[  229430ms] [LOG] [Fast Refresh] rebuilding @ http://localhost:3000/_next/static/chunks/node_modules_next_dist_4b2403f5._.js:2294
[  229598ms] [LOG] [Fast Refresh] done in 269ms @ http://localhost:3000/_next/static/chunks/node_modules_next_dist_4b2403f5._.js:2294
[  229713ms] [LOG] [Fast Refresh] rebuilding @ http://localhost:3000/_next/static/chunks/node_modules_next_dist_4b2403f5._.js:2294
[  229865ms] [LOG] [Fast Refresh] done in 254ms @ http://localhost:3000/_next/static/chunks/node_modules_next_dist_4b2403f5._.js:2294
[  230040ms] [LOG] [Fast Refresh] rebuilding @ http://localhost:3000/_next/static/chunks/node_modules_next_dist_4b2403f5._.js:2294
[  230455ms] [LOG] [Fast Refresh] done in 519ms @ http://localhost:3000/_next/static/chunks/node_modules_next_dist_4b2403f5._.js:2294
[  230770ms] [LOG] [Fast Refresh] rebuilding @ http://localhost:3000/_next/static/chunks/node_modules_next_dist_4b2403f5._.js:2294
[  230955ms] [LOG] [Fast Refresh] done in 289ms @ http://localhost:3000/_next/static/chunks/node_modules_next_dist_4b2403f5._.js:2294
[  231064ms] [LOG] [Fast Refresh] rebuilding @ http://localhost:3000/_next/static/chunks/node_modules_next_dist_4b2403f5._.js:2294
[  231168ms] [LOG] [Fast Refresh] done in 212ms @ http://localhost:3000/_next/static/chunks/node_modules_next_dist_4b2403f5._.js:2294
[  231275ms] [LOG] [Fast Refresh] rebuilding @ http://localhost:3000/_next/static/chunks/node_modules_next_dist_4b2403f5._.js:2294
[  231439ms] [LOG] [Fast Refresh] done in 270ms @ http://localhost:3000/_next/static/chunks/node_modules_next_dist_4b2403f5._.js:2294
[  231545ms] [LOG] [Fast Refresh] rebuilding @ http://localhost:3000/_next/static/chunks/node_modules_next_dist_4b2403f5._.js:2294
[  231657ms] [LOG] [Fast Refresh] done in 216ms @ http://localhost:3000/_next/static/chunks/node_modules_next_dist_4b2403f5._.js:2294
[  231836ms] [LOG] [Fast Refresh] rebuilding @ http://localhost:3000/_next/static/chunks/node_modules_next_dist_4b2403f5._.js:2294
[  231963ms] [LOG] [Fast Refresh] done in 229ms @ http://localhost:3000/_next/static/chunks/node_modules_next_dist_4b2403f5._.js:2294
[  232089ms] [LOG] [Fast Refresh] rebuilding @ http://localhost:3000/_next/static/chunks/node_modules_next_dist_4b2403f5._.js:2294
[  232474ms] [LOG] [Fast Refresh] done in 494ms @ http://localhost:3000/_next/static/chunks/node_modules_next_dist_4b2403f5._.js:2294
[  232778ms] [LOG] [Fast Refresh] rebuilding @ http://localhost:3000/_next/static/chunks/node_modules_next_dist_4b2403f5._.js:2294
[  232944ms] [LOG] [Fast Refresh] done in 278ms @ http://localhost:3000/_next/static/chunks/node_modules_next_dist_4b2403f5._.js:2294
[  233049ms] [LOG] [Fast Refresh] rebuilding @ http://localhost:3000/_next/static/chunks/node_modules_next_dist_4b2403f5._.js:2294
[  233221ms] [LOG] [Fast Refresh] done in 276ms @ http://localhost:3000/_next/static/chunks/node_modules_next_dist_4b2403f5._.js:2294
[  233333ms] [LOG] [Fast Refresh] rebuilding @ http://localhost:3000/_next/static/chunks/node_modules_next_dist_4b2403f5._.js:2294
[  233747ms] [LOG] [Fast Refresh] done in 524ms @ http://localhost:3000/_next/static/chunks/node_modules_next_dist_4b2403f5._.js:2294
[  234054ms] [LOG] [Fast Refresh] rebuilding @ http://localhost:3000/_next/static/chunks/node_modules_next_dist_4b2403f5._.js:2294
[  234454ms] [LOG] [Fast Refresh] done in 502ms @ http://localhost:3000/_next/static/chunks/node_modules_next_dist_4b2403f5._.js:2294
[  234752ms] [LOG] [Fast Refresh] rebuilding @ http://localhost:3000/_next/static/chunks/node_modules_next_dist_4b2403f5._.js:2294
[  234889ms] [LOG] [Fast Refresh] done in 238ms @ http://localhost:3000/_next/static/chunks/node_modules_next_dist_4b2403f5._.js:2294
[  234996ms] [LOG] [Fast Refresh] rebuilding @ http://localhost:3000/_next/static/chunks/node_modules_next_dist_4b2403f5._.js:2294
[  235157ms] [LOG] [Fast Refresh] done in 264ms @ http://localhost:3000/_next/static/chunks/node_modules_next_dist_4b2403f5._.js:2294
[  235287ms] [LOG] [Fast Refresh] rebuilding @ http://localhost:3000/_next/static/chunks/node_modules_next_dist_4b2403f5._.js:2294
[  235662ms] [LOG] [Fast Refresh] done in 476ms @ http://localhost:3000/_next/static/chunks/node_modules_next_dist_4b2403f5._.js:2294
[  235936ms] [LOG] [Fast Refresh] rebuilding @ http://localhost:3000/_next/static/chunks/node_modules_next_dist_4b2403f5._.js:2294
[  236315ms] [LOG] [Fast Refresh] done in 479ms @ http://localhost:3000/_next/static/chunks/node_modules_next_dist_4b2403f5._.js:2294
[  236622ms] [LOG] [Fast Refresh] rebuilding @ http://localhost:3000/_next/static/chunks/node_modules_next_dist_4b2403f5._.js:2294
[  236997ms] [LOG] [Fast Refresh] done in 480ms @ http://localhost:3000/_next/static/chunks/node_modules_next_dist_4b2403f5._.js:2294
[  237279ms] [LOG] [Fast Refresh] rebuilding @ http://localhost:3000/_next/static/chunks/node_modules_next_dist_4b2403f5._.js:2294
[  237636ms] [LOG] [Fast Refresh] done in 465ms @ http://localhost:3000/_next/static/chunks/node_modules_next_dist_4b2403f5._.js:2294
[  237915ms] [LOG] [Fast Refresh] rebuilding @ http://localhost:3000/_next/static/chunks/node_modules_next_dist_4b2403f5._.js:2294
[  238323ms] [LOG] [Fast Refresh] done in 508ms @ http://localhost:3000/_next/static/chunks/node_modules_next_dist_4b2403f5._.js:2294
[  238621ms] [LOG] [Fast Refresh] rebuilding @ http://localhost:3000/_next/static/chunks/node_modules_next_dist_4b2403f5._.js:2294
[  238806ms] [LOG] [Fast Refresh] done in 290ms @ http://localhost:3000/_next/static/chunks/node_modules_next_dist_4b2403f5._.js:2294
[  238916ms] [LOG] [Fast Refresh] rebuilding @ http://localhost:3000/_next/static/chunks/node_modules_next_dist_4b2403f5._.js:2294
[  239021ms] [LOG] [Fast Refresh] done in 208ms @ http://localhost:3000/_next/static/chunks/node_modules_next_dist_4b2403f5._.js:2294
[  239127ms] [LOG] [Fast Refresh] rebuilding @ http://localhost:3000/_next/static/chunks/node_modules_next_dist_4b2403f5._.js:2294
[  239228ms] [LOG] [Fast Refresh] done in 207ms @ http://localhost:3000/_next/static/chunks/node_modules_next_dist_4b2403f5._.js:2294
[  239330ms] [LOG] [Fast Refresh] rebuilding @ http://localhost:3000/_next/static/chunks/node_modules_next_dist_4b2403f5._.js:2294
[  239520ms] [LOG] [Fast Refresh] done in 290ms @ http://localhost:3000/_next/static/chunks/node_modules_next_dist_4b2403f5._.js:2294
[  239677ms] [LOG] [Fast Refresh] rebuilding @ http://localhost:3000/_next/static/chunks/node_modules_next_dist_4b2403f5._.js:2294
[  240013ms] [LOG] [Fast Refresh] done in 436ms @ http://localhost:3000/_next/static/chunks/node_modules_next_dist_4b2403f5._.js:2294
[  240311ms] [LOG] [Fast Refresh] rebuilding @ http://localhost:3000/_next/static/chunks/node_modules_next_dist_4b2403f5._.js:2294
[  240433ms] [LOG] [Fast Refresh] done in 229ms @ http://localhost:3000/_next/static/chunks/node_modules_next_dist_4b2403f5._.js:2294
[  240607ms] [LOG] [Fast Refresh] rebuilding @ http://localhost:3000/_next/static/chunks/node_modules_next_dist_4b2403f5._.js:2294
[  240748ms] [LOG] [Fast Refresh] done in 246ms @ http://localhost:3000/_next/static/chunks/node_modules_next_dist_4b2403f5._.js:2294
[  240862ms] [LOG] [Fast Refresh] rebuilding @ http://localhost:3000/_next/static/chunks/node_modules_next_dist_4b2403f5._.js:2294
[  241209ms] [LOG] [Fast Refresh] done in 458ms @ http://localhost:3000/_next/static/chunks/node_modules_next_dist_4b2403f5._.js:2294
[  241478ms] [LOG] [Fast Refresh] rebuilding @ http://localhost:3000/_next/static/chunks/node_modules_next_dist_4b2403f5._.js:2294
[  241803ms] [LOG] [Fast Refresh] done in 425ms @ http://localhost:3000/_next/static/chunks/node_modules_next_dist_4b2403f5._.js:2294
[  242083ms] [LOG] [Fast Refresh] rebuilding @ http://localhost:3000/_next/static/chunks/node_modules_next_dist_4b2403f5._.js:2294
[  242448ms] [LOG] [Fast Refresh] done in 474ms @ http://localhost:3000/_next/static/chunks/node_modules_next_dist_4b2403f5._.js:2294
[  242720ms] [LOG] [Fast Refresh] rebuilding @ http://localhost:3000/_next/static/chunks/node_modules_next_dist_4b2403f5._.js:2294
[  243074ms] [LOG] [Fast Refresh] done in 455ms @ http://localhost:3000/_next/static/chunks/node_modules_next_dist_4b2403f5._.js:2294
[  243343ms] [LOG] [Fast Refresh] rebuilding @ http://localhost:3000/_next/static/chunks/node_modules_next_dist_4b2403f5._.js:2294
[  243502ms] [LOG] [Fast Refresh] done in 264ms @ http://localhost:3000/_next/static/chunks/node_modules_next_dist_4b2403f5._.js:2294
[  243607ms] [LOG] [Fast Refresh] rebuilding @ http://localhost:3000/_next/static/chunks/node_modules_next_dist_4b2403f5._.js:2294
[  243684ms] [LOG] [Fast Refresh] done in 180ms @ http://localhost:3000/_next/static/chunks/node_modules_next_dist_4b2403f5._.js:2294
[  243787ms] [LOG] [Fast Refresh] rebuilding @ http://localhost:3000/_next/static/chunks/node_modules_next_dist_4b2403f5._.js:2294
[  243890ms] [LOG] [Fast Refresh] done in 204ms @ http://localhost:3000/_next/static/chunks/node_modules_next_dist_4b2403f5._.js:2294
[  243992ms] [LOG] [Fast Refresh] rebuilding @ http://localhost:3000/_next/static/chunks/node_modules_next_dist_4b2403f5._.js:2294
[  244568ms] [LOG] [Fast Refresh] done in 676ms @ http://localhost:3000/_next/static/chunks/node_modules_next_dist_4b2403f5._.js:2294
[  244862ms] [LOG] [Fast Refresh] rebuilding @ http://localhost:3000/_next/static/chunks/node_modules_next_dist_4b2403f5._.js:2294
[  245002ms] [LOG] [Fast Refresh] done in 255ms @ http://localhost:3000/_next/static/chunks/node_modules_next_dist_4b2403f5._.js:2294
[  245178ms] [LOG] [Fast Refresh] rebuilding @ http://localhost:3000/_next/static/chunks/node_modules_next_dist_4b2403f5._.js:2294
[  245313ms] [LOG] [Fast Refresh] done in 247ms @ http://localhost:3000/_next/static/chunks/node_modules_next_dist_4b2403f5._.js:2294
[  245421ms] [LOG] [Fast Refresh] rebuilding @ http://localhost:3000/_next/static/chunks/node_modules_next_dist_4b2403f5._.js:2294
[  245623ms] [LOG] [Fast Refresh] done in 307ms @ http://localhost:3000/_next/static/chunks/node_modules_next_dist_4b2403f5._.js:2294
[  245823ms] [LOG] [Fast Refresh] rebuilding @ http://localhost:3000/_next/static/chunks/node_modules_next_dist_4b2403f5._.js:2294
[  245969ms] [LOG] [Fast Refresh] done in 259ms @ http://localhost:3000/_next/static/chunks/node_modules_next_dist_4b2403f5._.js:2294
[  246151ms] [LOG] [Fast Refresh] rebuilding @ http://localhost:3000/_next/static/chunks/node_modules_next_dist_4b2403f5._.js:2294
[  246314ms] [LOG] [Fast Refresh] done in 266ms @ http://localhost:3000/_next/static/chunks/node_modules_next_dist_4b2403f5._.js:2294
[  246497ms] [LOG] [Fast Refresh] rebuilding @ http://localhost:3000/_next/static/chunks/node_modules_next_dist_4b2403f5._.js:2294
[  246879ms] [LOG] [Fast Refresh] done in 483ms @ http://localhost:3000/_next/static/chunks/node_modules_next_dist_4b2403f5._.js:2294
[  247152ms] [LOG] [Fast Refresh] rebuilding @ http://localhost:3000/_next/static/chunks/node_modules_next_dist_4b2403f5._.js:2294
[  247551ms] [LOG] [Fast Refresh] done in 499ms @ http://localhost:3000/_next/static/chunks/node_modules_next_dist_4b2403f5._.js:2294
[  247826ms] [LOG] [Fast Refresh] rebuilding @ http://localhost:3000/_next/static/chunks/node_modules_next_dist_4b2403f5._.js:2294
[  247955ms] [LOG] [Fast Refresh] done in 233ms @ http://localhost:3000/_next/static/chunks/node_modules_next_dist_4b2403f5._.js:2294
[  248140ms] [LOG] [Fast Refresh] rebuilding @ http://localhost:3000/_next/static/chunks/node_modules_next_dist_4b2403f5._.js:2294
[  248513ms] [LOG] [Fast Refresh] done in 476ms @ http://localhost:3000/_next/static/chunks/node_modules_next_dist_4b2403f5._.js:2294
[  248806ms] [LOG] [Fast Refresh] rebuilding @ http://localhost:3000/_next/static/chunks/node_modules_next_dist_4b2403f5._.js:2294
[  248918ms] [LOG] [Fast Refresh] done in 219ms @ http://localhost:3000/_next/static/chunks/node_modules_next_dist_4b2403f5._.js:2294
[  249241ms] [LOG] [Fast Refresh] rebuilding @ http://localhost:3000/_next/static/chunks/node_modules_next_dist_4b2403f5._.js:2294
[  249242ms] [LOG] [Fast Refresh] done in 114ms @ http://localhost:3000/_next/static/chunks/node_modules_next_dist_4b2403f5._.js:2294
