[     628ms] [INFO] %cDownload the React DevTools for a better development experience: https://react.dev/link/react-devtools font-weight:bold @ http://localhost:3000/_next/static/chunks/node_modules_next_dist_4b2403f5._.js:2294
[     808ms] [LOG] [HMR] connected @ http://localhost:3000/_next/static/chunks/node_modules_next_dist_4b2403f5._.js:2294
[    1051ms] [WARNING] Image with src "/backoffolder.avif" has legacy prop "layout". Did you forget to run the codemod?
Read more: https://nextjs.org/docs/messages/next-image-upgrade-to-13 @ http://localhost:3000/_next/static/chunks/node_modules_next_dist_4b2403f5._.js:2294
[    1052ms] [WARNING] Image with src "/backoffolder.avif" has legacy prop "objectFit". Did you forget to run the codemod?
Read more: https://nextjs.org/docs/messages/next-image-upgrade-to-13 @ http://localhost:3000/_next/static/chunks/node_modules_next_dist_4b2403f5._.js:2294
[    1054ms] [WARNING] Image with src "/cert1card.avif" has legacy prop "layout". Did you forget to run the codemod?
Read more: https://nextjs.org/docs/messages/next-image-upgrade-to-13 @ http://localhost:3000/_next/static/chunks/node_modules_next_dist_4b2403f5._.js:2294
[    1054ms] [WARNING] Image with src "/cert1card.avif" has legacy prop "objectFit". Did you forget to run the codemod?
Read more: https://nextjs.org/docs/messages/next-image-upgrade-to-13 @ http://localhost:3000/_next/static/chunks/node_modules_next_dist_4b2403f5._.js:2294
[    1057ms] [WARNING] Image with src "/cert2card.avif" has legacy prop "layout". Did you forget to run the codemod?
Read more: https://nextjs.org/docs/messages/next-image-upgrade-to-13 @ http://localhost:3000/_next/static/chunks/node_modules_next_dist_4b2403f5._.js:2294
[    1057ms] [WARNING] Image with src "/cert2card.avif" has legacy prop "objectFit". Did you forget to run the codemod?
Read more: https://nextjs.org/docs/messages/next-image-upgrade-to-13 @ http://localhost:3000/_next/static/chunks/node_modules_next_dist_4b2403f5._.js:2294
[    1061ms] [WARNING] Image with src "/cert3card.avif" has legacy prop "layout". Did you forget to run the codemod?
Read more: https://nextjs.org/docs/messages/next-image-upgrade-to-13 @ http://localhost:3000/_next/static/chunks/node_modules_next_dist_4b2403f5._.js:2294
[    1061ms] [WARNING] Image with src "/cert3card.avif" has legacy prop "objectFit". Did you forget to run the codemod?
Read more: https://nextjs.org/docs/messages/next-image-upgrade-to-13 @ http://localhost:3000/_next/static/chunks/node_modules_next_dist_4b2403f5._.js:2294
[    1063ms] [WARNING] Image with src "/cert4card.avif" has legacy prop "layout". Did you forget to run the codemod?
Read more: https://nextjs.org/docs/messages/next-image-upgrade-to-13 @ http://localhost:3000/_next/static/chunks/node_modules_next_dist_4b2403f5._.js:2294
[    1063ms] [WARNING] Image with src "/cert4card.avif" has legacy prop "objectFit". Did you forget to run the codemod?
Read more: https://nextjs.org/docs/messages/next-image-upgrade-to-13 @ http://localhost:3000/_next/static/chunks/node_modules_next_dist_4b2403f5._.js:2294
[    1065ms] [WARNING] Image with src "/blankcard.avif" has legacy prop "layout". Did you forget to run the codemod?
Read more: https://nextjs.org/docs/messages/next-image-upgrade-to-13 @ http://localhost:3000/_next/static/chunks/node_modules_next_dist_4b2403f5._.js:2294
[    1065ms] [WARNING] Image with src "/blankcard.avif" has legacy prop "objectFit". Did you forget to run the codemod?
Read more: https://nextjs.org/docs/messages/next-image-upgrade-to-13 @ http://localhost:3000/_next/static/chunks/node_modules_next_dist_4b2403f5._.js:2294
[    1066ms] [WARNING] Image with src "/frontoffolder.avif" has legacy prop "layout". Did you forget to run the codemod?
Read more: https://nextjs.org/docs/messages/next-image-upgrade-to-13 @ http://localhost:3000/_next/static/chunks/node_modules_next_dist_4b2403f5._.js:2294
[    1066ms] [WARNING] Image with src "/frontoffolder.avif" has legacy prop "objectFit". Did you forget to run the codemod?
Read more: https://nextjs.org/docs/messages/next-image-upgrade-to-13 @ http://localhost:3000/_next/static/chunks/node_modules_next_dist_4b2403f5._.js:2294
[    3308ms] [WARNING] Image with src "/footer1.png" has legacy prop "layout". Did you forget to run the codemod?
Read more: https://nextjs.org/docs/messages/next-image-upgrade-to-13 @ http://localhost:3000/_next/static/chunks/node_modules_next_dist_4b2403f5._.js:2294
[    3308ms] [WARNING] Image with src "/footer1.png" has legacy prop "objectFit". Did you forget to run the codemod?
Read more: https://nextjs.org/docs/messages/next-image-upgrade-to-13 @ http://localhost:3000/_next/static/chunks/node_modules_next_dist_4b2403f5._.js:2294
[    3600ms] [WARNING] Please ensure that the container has a non-static position, like 'relative', 'fixed', or 'absolute' to ensure scroll offset is calculated correctly. @ http://localhost:3000/_next/static/chunks/node_modules_next_dist_4b2403f5._.js:2294
[    3735ms] [LOG] [Fast Refresh] rebuilding @ http://localhost:3000/_next/static/chunks/node_modules_next_dist_4b2403f5._.js:2294
[    3873ms] [LOG] [Fast Refresh] done in 239ms @ http://localhost:3000/_next/static/chunks/node_modules_next_dist_4b2403f5._.js:2294
[    3979ms] [LOG] [Fast Refresh] rebuilding @ http://localhost:3000/_next/static/chunks/node_modules_next_dist_4b2403f5._.js:2294
[    4102ms] [LOG] [Fast Refresh] done in 226ms @ http://localhost:3000/_next/static/chunks/node_modules_next_dist_4b2403f5._.js:2294
[    4203ms] [LOG] [Fast Refresh] rebuilding @ http://localhost:3000/_next/static/chunks/node_modules_next_dist_4b2403f5._.js:2294
[    4434ms] [LOG] [Fast Refresh] done in 331ms @ http://localhost:3000/_next/static/chunks/node_modules_next_dist_4b2403f5._.js:2294
[    4545ms] [LOG] [Fast Refresh] rebuilding @ http://localhost:3000/_next/static/chunks/node_modules_next_dist_4b2403f5._.js:2294
[    4593ms] [WARNING] Image with src "/backoffolder.avif" has "fill" but is missing "sizes" prop. Please add it to improve page performance. Read more: https://nextjs.org/docs/api-reference/next/image#sizes @ http://localhost:3000/_next/static/chunks/node_modules_next_dist_4b2403f5._.js:2294
[    4601ms] [WARNING] Image with src "/cert2card.avif" has "fill" but is missing "sizes" prop. Please add it to improve page performance. Read more: https://nextjs.org/docs/api-reference/next/image#sizes @ http://localhost:3000/_next/static/chunks/node_modules_next_dist_4b2403f5._.js:2294
[    4603ms] [WARNING] Image with src "/cert1card.avif" has "fill" but is missing "sizes" prop. Please add it to improve page performance. Read more: https://nextjs.org/docs/api-reference/next/image#sizes @ http://localhost:3000/_next/static/chunks/node_modules_next_dist_4b2403f5._.js:2294
[    4606ms] [WARNING] Image with src "/cert3card.avif" has "fill" but is missing "sizes" prop. Please add it to improve page performance. Read more: https://nextjs.org/docs/api-reference/next/image#sizes @ http://localhost:3000/_next/static/chunks/node_modules_next_dist_4b2403f5._.js:2294
[    4612ms] [WARNING] Image with src "/cert4card.avif" has "fill" but is missing "sizes" prop. Please add it to improve page performance. Read more: https://nextjs.org/docs/api-reference/next/image#sizes @ http://localhost:3000/_next/static/chunks/node_modules_next_dist_4b2403f5._.js:2294
[    4619ms] [WARNING] Image with src "/blankcard.avif" has "fill" but is missing "sizes" prop. Please add it to improve page performance. Read more: https://nextjs.org/docs/api-reference/next/image#sizes @ http://localhost:3000/_next/static/chunks/node_modules_next_dist_4b2403f5._.js:2294
[    4623ms] [WARNING] Image with src "/frontoffolder.avif" has "fill" but is missing "sizes" prop. Please add it to improve page performance. Read more: https://nextjs.org/docs/api-reference/next/image#sizes @ http://localhost:3000/_next/static/chunks/node_modules_next_dist_4b2403f5._.js:2294
[    4684ms] [LOG] [Fast Refresh] done in 247ms @ http://localhost:3000/_next/static/chunks/node_modules_next_dist_4b2403f5._.js:2294
[    4914ms] [LOG] [Fast Refresh] rebuilding @ http://localhost:3000/_next/static/chunks/node_modules_next_dist_4b2403f5._.js:2294
[    5017ms] [LOG] [Fast Refresh] done in 213ms @ http://localhost:3000/_next/static/chunks/node_modules_next_dist_4b2403f5._.js:2294
[    5197ms] [LOG] [Fast Refresh] rebuilding @ http://localhost:3000/_next/static/chunks/node_modules_next_dist_4b2403f5._.js:2294
[    5262ms] [LOG] [Fast Refresh] done in 179ms @ http://localhost:3000/_next/static/chunks/node_modules_next_dist_4b2403f5._.js:2294
[    5464ms] [LOG] [Fast Refresh] rebuilding @ http://localhost:3000/_next/static/chunks/node_modules_next_dist_4b2403f5._.js:2294
[    5550ms] [LOG] [Fast Refresh] done in 186ms @ http://localhost:3000/_next/static/chunks/node_modules_next_dist_4b2403f5._.js:2294
[    5716ms] [LOG] [Fast Refresh] rebuilding @ http://localhost:3000/_next/static/chunks/node_modules_next_dist_4b2403f5._.js:2294
[    5796ms] [LOG] [Fast Refresh] done in 179ms @ http://localhost:3000/_next/static/chunks/node_modules_next_dist_4b2403f5._.js:2294
[    5916ms] [LOG] [Fast Refresh] rebuilding @ http://localhost:3000/_next/static/chunks/node_modules_next_dist_4b2403f5._.js:2294
[    5997ms] [LOG] [Fast Refresh] done in 184ms @ http://localhost:3000/_next/static/chunks/node_modules_next_dist_4b2403f5._.js:2294
[    6179ms] [LOG] [Fast Refresh] rebuilding @ http://localhost:3000/_next/static/chunks/node_modules_next_dist_4b2403f5._.js:2294
[    6199ms] [LOG] [Fast Refresh] done in 132ms @ http://localhost:3000/_next/static/chunks/node_modules_next_dist_4b2403f5._.js:2294
[    6382ms] [LOG] [Fast Refresh] rebuilding @ http://localhost:3000/_next/static/chunks/node_modules_next_dist_4b2403f5._.js:2294
[    6446ms] [LOG] [Fast Refresh] done in 166ms @ http://localhost:3000/_next/static/chunks/node_modules_next_dist_4b2403f5._.js:2294
[    6562ms] [LOG] [Fast Refresh] rebuilding @ http://localhost:3000/_next/static/chunks/node_modules_next_dist_4b2403f5._.js:2294
[    6582ms] [LOG] [Fast Refresh] done in 132ms @ http://localhost:3000/_next/static/chunks/node_modules_next_dist_4b2403f5._.js:2294
[    6903ms] [LOG] [Fast Refresh] rebuilding @ http://localhost:3000/_next/static/chunks/node_modules_next_dist_4b2403f5._.js:2294
[    6948ms] [LOG] [Fast Refresh] done in 166ms @ http://localhost:3000/_next/static/chunks/node_modules_next_dist_4b2403f5._.js:2294
[    7228ms] [LOG] [Fast Refresh] rebuilding @ http://localhost:3000/_next/static/chunks/node_modules_next_dist_4b2403f5._.js:2294
[    7281ms] [LOG] [Fast Refresh] done in 164ms @ http://localhost:3000/_next/static/chunks/node_modules_next_dist_4b2403f5._.js:2294
[    7565ms] [LOG] [Fast Refresh] rebuilding @ http://localhost:3000/_next/static/chunks/node_modules_next_dist_4b2403f5._.js:2294
[    7628ms] [LOG] [Fast Refresh] done in 179ms @ http://localhost:3000/_next/static/chunks/node_modules_next_dist_4b2403f5._.js:2294
[    7829ms] [LOG] [Fast Refresh] rebuilding @ http://localhost:3000/_next/static/chunks/node_modules_next_dist_4b2403f5._.js:2294
[    7883ms] [LOG] [Fast Refresh] done in 158ms @ http://localhost:3000/_next/static/chunks/node_modules_next_dist_4b2403f5._.js:2294
[    8162ms] [LOG] [Fast Refresh] rebuilding @ http://localhost:3000/_next/static/chunks/node_modules_next_dist_4b2403f5._.js:2294
[    8302ms] [LOG] [Fast Refresh] done in 252ms @ http://localhost:3000/_next/static/chunks/node_modules_next_dist_4b2403f5._.js:2294
[    8406ms] [LOG] [Fast Refresh] rebuilding @ http://localhost:3000/_next/static/chunks/node_modules_next_dist_4b2403f5._.js:2294
[    8466ms] [LOG] [Fast Refresh] done in 164ms @ http://localhost:3000/_next/static/chunks/node_modules_next_dist_4b2403f5._.js:2294
[    8567ms] [LOG] [Fast Refresh] rebuilding @ http://localhost:3000/_next/static/chunks/node_modules_next_dist_4b2403f5._.js:2294
[    8633ms] [LOG] [Fast Refresh] done in 165ms @ http://localhost:3000/_next/static/chunks/node_modules_next_dist_4b2403f5._.js:2294
[    8799ms] [LOG] [Fast Refresh] rebuilding @ http://localhost:3000/_next/static/chunks/node_modules_next_dist_4b2403f5._.js:2294
[    8851ms] [LOG] [Fast Refresh] done in 161ms @ http://localhost:3000/_next/static/chunks/node_modules_next_dist_4b2403f5._.js:2294
[    8997ms] [LOG] [Fast Refresh] rebuilding @ http://localhost:3000/_next/static/chunks/node_modules_next_dist_4b2403f5._.js:2294
[    9082ms] [LOG] [Fast Refresh] done in 185ms @ http://localhost:3000/_next/static/chunks/node_modules_next_dist_4b2403f5._.js:2294
[    9186ms] [LOG] [Fast Refresh] rebuilding @ http://localhost:3000/_next/static/chunks/node_modules_next_dist_4b2403f5._.js:2294
[    9187ms] [LOG] [Fast Refresh] done in 105ms @ http://localhost:3000/_next/static/chunks/node_modules_next_dist_4b2403f5._.js:2294
[    9400ms] [LOG] [Fast Refresh] rebuilding @ http://localhost:3000/_next/static/chunks/node_modules_next_dist_4b2403f5._.js:2294
[    9533ms] [LOG] [Fast Refresh] done in 234ms @ http://localhost:3000/_next/static/chunks/node_modules_next_dist_4b2403f5._.js:2294
[    9710ms] [LOG] [Fast Refresh] rebuilding @ http://localhost:3000/_next/static/chunks/node_modules_next_dist_4b2403f5._.js:2294
[    9769ms] [LOG] [Fast Refresh] done in 168ms @ http://localhost:3000/_next/static/chunks/node_modules_next_dist_4b2403f5._.js:2294
[    9878ms] [LOG] [Fast Refresh] rebuilding @ http://localhost:3000/_next/static/chunks/node_modules_next_dist_4b2403f5._.js:2294
[    9944ms] [LOG] [Fast Refresh] done in 173ms @ http://localhost:3000/_next/static/chunks/node_modules_next_dist_4b2403f5._.js:2294
[   10045ms] [LOG] [Fast Refresh] rebuilding @ http://localhost:3000/_next/static/chunks/node_modules_next_dist_4b2403f5._.js:2294
[   10132ms] [LOG] [Fast Refresh] done in 188ms @ http://localhost:3000/_next/static/chunks/node_modules_next_dist_4b2403f5._.js:2294
[   10245ms] [LOG] [Fast Refresh] rebuilding @ http://localhost:3000/_next/static/chunks/node_modules_next_dist_4b2403f5._.js:2294
[   10317ms] [LOG] [Fast Refresh] done in 184ms @ http://localhost:3000/_next/static/chunks/node_modules_next_dist_4b2403f5._.js:2294
[   10429ms] [LOG] [Fast Refresh] rebuilding @ http://localhost:3000/_next/static/chunks/node_modules_next_dist_4b2403f5._.js:2294
[   10483ms] [LOG] [Fast Refresh] done in 166ms @ http://localhost:3000/_next/static/chunks/node_modules_next_dist_4b2403f5._.js:2294
[   10595ms] [LOG] [Fast Refresh] rebuilding @ http://localhost:3000/_next/static/chunks/node_modules_next_dist_4b2403f5._.js:2294
[   10693ms] [LOG] [Fast Refresh] done in 208ms @ http://localhost:3000/_next/static/chunks/node_modules_next_dist_4b2403f5._.js:2294
[   10800ms] [LOG] [Fast Refresh] rebuilding @ http://localhost:3000/_next/static/chunks/node_modules_next_dist_4b2403f5._.js:2294
[   10982ms] [LOG] [Fast Refresh] done in 288ms @ http://localhost:3000/_next/static/chunks/node_modules_next_dist_4b2403f5._.js:2294
[   11085ms] [LOG] [Fast Refresh] rebuilding @ http://localhost:3000/_next/static/chunks/node_modules_next_dist_4b2403f5._.js:2294
[   11133ms] [LOG] [Fast Refresh] done in 152ms @ http://localhost:3000/_next/static/chunks/node_modules_next_dist_4b2403f5._.js:2294
[   11412ms] [LOG] [Fast Refresh] rebuilding @ http://localhost:3000/_next/static/chunks/node_modules_next_dist_4b2403f5._.js:2294
[   11466ms] [LOG] [Fast Refresh] done in 165ms @ http://localhost:3000/_next/static/chunks/node_modules_next_dist_4b2403f5._.js:2294
[   11733ms] [LOG] [Fast Refresh] rebuilding @ http://localhost:3000/_next/static/chunks/node_modules_next_dist_4b2403f5._.js:2294
[   11816ms] [LOG] [Fast Refresh] done in 183ms @ http://localhost:3000/_next/static/chunks/node_modules_next_dist_4b2403f5._.js:2294
[   11927ms] [LOG] [Fast Refresh] rebuilding @ http://localhost:3000/_next/static/chunks/node_modules_next_dist_4b2403f5._.js:2294
[   11999ms] [LOG] [Fast Refresh] done in 183ms @ http://localhost:3000/_next/static/chunks/node_modules_next_dist_4b2403f5._.js:2294
[   12110ms] [LOG] [Fast Refresh] rebuilding @ http://localhost:3000/_next/static/chunks/node_modules_next_dist_4b2403f5._.js:2294
[   12167ms] [LOG] [Fast Refresh] done in 167ms @ http://localhost:3000/_next/static/chunks/node_modules_next_dist_4b2403f5._.js:2294
[   12345ms] [LOG] [Fast Refresh] rebuilding @ http://localhost:3000/_next/static/chunks/node_modules_next_dist_4b2403f5._.js:2294
[   12416ms] [LOG] [Fast Refresh] done in 184ms @ http://localhost:3000/_next/static/chunks/node_modules_next_dist_4b2403f5._.js:2294
[   12527ms] [LOG] [Fast Refresh] rebuilding @ http://localhost:3000/_next/static/chunks/node_modules_next_dist_4b2403f5._.js:2294
[   12579ms] [LOG] [Fast Refresh] done in 161ms @ http://localhost:3000/_next/static/chunks/node_modules_next_dist_4b2403f5._.js:2294
[   12749ms] [LOG] [Fast Refresh] rebuilding @ http://localhost:3000/_next/static/chunks/node_modules_next_dist_4b2403f5._.js:2294
[   12866ms] [LOG] [Fast Refresh] done in 221ms @ http://localhost:3000/_next/static/chunks/node_modules_next_dist_4b2403f5._.js:2294
[   14186ms] [LOG] [Fast Refresh] rebuilding @ http://localhost:3000/_next/static/chunks/node_modules_next_dist_4b2403f5._.js:2294
[   14227ms] [LOG] [Fast Refresh] done in 155ms @ http://localhost:3000/_next/static/chunks/node_modules_next_dist_4b2403f5._.js:2294
[   14848ms] [LOG] [Fast Refresh] rebuilding @ http://localhost:3000/_next/static/chunks/node_modules_next_dist_4b2403f5._.js:2294
[   14938ms] [LOG] [Fast Refresh] done in 196ms @ http://localhost:3000/_next/static/chunks/node_modules_next_dist_4b2403f5._.js:2294
[   15252ms] [LOG] [Fast Refresh] rebuilding @ http://localhost:3000/_next/static/chunks/node_modules_next_dist_4b2403f5._.js:2294
[   15323ms] [LOG] [Fast Refresh] done in 175ms @ http://localhost:3000/_next/static/chunks/node_modules_next_dist_4b2403f5._.js:2294
[   15432ms] [LOG] [Fast Refresh] rebuilding @ http://localhost:3000/_next/static/chunks/node_modules_next_dist_4b2403f5._.js:2294
[   15603ms] [LOG] [Fast Refresh] done in 279ms @ http://localhost:3000/_next/static/chunks/node_modules_next_dist_4b2403f5._.js:2294
[   15715ms] [LOG] [Fast Refresh] rebuilding @ http://localhost:3000/_next/static/chunks/node_modules_next_dist_4b2403f5._.js:2294
[   15734ms] [LOG] [Fast Refresh] done in 130ms @ http://localhost:3000/_next/static/chunks/node_modules_next_dist_4b2403f5._.js:2294
[   15843ms] [LOG] [Fast Refresh] rebuilding @ http://localhost:3000/_next/static/chunks/node_modules_next_dist_4b2403f5._.js:2294
[   15860ms] [LOG] [Fast Refresh] done in 126ms @ http://localhost:3000/_next/static/chunks/node_modules_next_dist_4b2403f5._.js:2294
[   16119ms] [LOG] [Fast Refresh] rebuilding @ http://localhost:3000/_next/static/chunks/node_modules_next_dist_4b2403f5._.js:2294
[   16178ms] [LOG] [Fast Refresh] done in 163ms @ http://localhost:3000/_next/static/chunks/node_modules_next_dist_4b2403f5._.js:2294
[   28925ms] [INFO] %cDownload the React DevTools for a better development experience: https://react.dev/link/react-devtools font-weight:bold @ http://localhost:3000/_next/static/chunks/node_modules_next_dist_4b2403f5._.js:2294
[   28966ms] [LOG] [HMR] connected @ http://localhost:3000/_next/static/chunks/node_modules_next_dist_4b2403f5._.js:2294
[   29094ms] [WARNING] Image with src "/backoffolder.avif" has legacy prop "layout". Did you forget to run the codemod?
Read more: https://nextjs.org/docs/messages/next-image-upgrade-to-13 @ http://localhost:3000/_next/static/chunks/node_modules_next_dist_4b2403f5._.js:2294
[   29095ms] [WARNING] Image with src "/backoffolder.avif" has legacy prop "objectFit". Did you forget to run the codemod?
Read more: https://nextjs.org/docs/messages/next-image-upgrade-to-13 @ http://localhost:3000/_next/static/chunks/node_modules_next_dist_4b2403f5._.js:2294
[   29096ms] [WARNING] Image with src "/cert1card.avif" has legacy prop "layout". Did you forget to run the codemod?
Read more: https://nextjs.org/docs/messages/next-image-upgrade-to-13 @ http://localhost:3000/_next/static/chunks/node_modules_next_dist_4b2403f5._.js:2294
[   29096ms] [WARNING] Image with src "/cert1card.avif" has legacy prop "objectFit". Did you forget to run the codemod?
Read more: https://nextjs.org/docs/messages/next-image-upgrade-to-13 @ http://localhost:3000/_next/static/chunks/node_modules_next_dist_4b2403f5._.js:2294
[   29100ms] [WARNING] Image with src "/cert2card.avif" has legacy prop "layout". Did you forget to run the codemod?
Read more: https://nextjs.org/docs/messages/next-image-upgrade-to-13 @ http://localhost:3000/_next/static/chunks/node_modules_next_dist_4b2403f5._.js:2294
[   29100ms] [WARNING] Image with src "/cert2card.avif" has legacy prop "objectFit". Did you forget to run the codemod?
Read more: https://nextjs.org/docs/messages/next-image-upgrade-to-13 @ http://localhost:3000/_next/static/chunks/node_modules_next_dist_4b2403f5._.js:2294
[   29102ms] [WARNING] Image with src "/cert3card.avif" has legacy prop "layout". Did you forget to run the codemod?
Read more: https://nextjs.org/docs/messages/next-image-upgrade-to-13 @ http://localhost:3000/_next/static/chunks/node_modules_next_dist_4b2403f5._.js:2294
[   29102ms] [WARNING] Image with src "/cert3card.avif" has legacy prop "objectFit". Did you forget to run the codemod?
Read more: https://nextjs.org/docs/messages/next-image-upgrade-to-13 @ http://localhost:3000/_next/static/chunks/node_modules_next_dist_4b2403f5._.js:2294
[   29103ms] [WARNING] Image with src "/cert4card.avif" has legacy prop "layout". Did you forget to run the codemod?
Read more: https://nextjs.org/docs/messages/next-image-upgrade-to-13 @ http://localhost:3000/_next/static/chunks/node_modules_next_dist_4b2403f5._.js:2294
[   29103ms] [WARNING] Image with src "/cert4card.avif" has legacy prop "objectFit". Did you forget to run the codemod?
Read more: https://nextjs.org/docs/messages/next-image-upgrade-to-13 @ http://localhost:3000/_next/static/chunks/node_modules_next_dist_4b2403f5._.js:2294
[   29104ms] [WARNING] Image with src "/blankcard.avif" has legacy prop "layout". Did you forget to run the codemod?
Read more: https://nextjs.org/docs/messages/next-image-upgrade-to-13 @ http://localhost:3000/_next/static/chunks/node_modules_next_dist_4b2403f5._.js:2294
[   29104ms] [WARNING] Image with src "/blankcard.avif" has legacy prop "objectFit". Did you forget to run the codemod?
Read more: https://nextjs.org/docs/messages/next-image-upgrade-to-13 @ http://localhost:3000/_next/static/chunks/node_modules_next_dist_4b2403f5._.js:2294
[   29105ms] [WARNING] Image with src "/frontoffolder.avif" has legacy prop "layout". Did you forget to run the codemod?
Read more: https://nextjs.org/docs/messages/next-image-upgrade-to-13 @ http://localhost:3000/_next/static/chunks/node_modules_next_dist_4b2403f5._.js:2294
[   29105ms] [WARNING] Image with src "/frontoffolder.avif" has legacy prop "objectFit". Did you forget to run the codemod?
Read more: https://nextjs.org/docs/messages/next-image-upgrade-to-13 @ http://localhost:3000/_next/static/chunks/node_modules_next_dist_4b2403f5._.js:2294
[   29111ms] [WARNING] Image with src "/footer1.png" has legacy prop "layout". Did you forget to run the codemod?
Read more: https://nextjs.org/docs/messages/next-image-upgrade-to-13 @ http://localhost:3000/_next/static/chunks/node_modules_next_dist_4b2403f5._.js:2294
[   29111ms] [WARNING] Image with src "/footer1.png" has legacy prop "objectFit". Did you forget to run the codemod?
Read more: https://nextjs.org/docs/messages/next-image-upgrade-to-13 @ http://localhost:3000/_next/static/chunks/node_modules_next_dist_4b2403f5._.js:2294
[   29153ms] [WARNING] Please ensure that the container has a non-static position, like 'relative', 'fixed', or 'absolute' to ensure scroll offset is calculated correctly. @ http://localhost:3000/_next/static/chunks/node_modules_next_dist_4b2403f5._.js:2294
[   29156ms] [WARNING] Image with src "/backoffolder.avif" has "fill" but is missing "sizes" prop. Please add it to improve page performance. Read more: https://nextjs.org/docs/api-reference/next/image#sizes @ http://localhost:3000/_next/static/chunks/node_modules_next_dist_4b2403f5._.js:2294
[   29156ms] [WARNING] Image with src "/cert1card.avif" has "fill" but is missing "sizes" prop. Please add it to improve page performance. Read more: https://nextjs.org/docs/api-reference/next/image#sizes @ http://localhost:3000/_next/static/chunks/node_modules_next_dist_4b2403f5._.js:2294
[   29156ms] [WARNING] Image with src "/cert2card.avif" has "fill" but is missing "sizes" prop. Please add it to improve page performance. Read more: https://nextjs.org/docs/api-reference/next/image#sizes @ http://localhost:3000/_next/static/chunks/node_modules_next_dist_4b2403f5._.js:2294
[   29157ms] [WARNING] Image with src "/cert3card.avif" has "fill" but is missing "sizes" prop. Please add it to improve page performance. Read more: https://nextjs.org/docs/api-reference/next/image#sizes @ http://localhost:3000/_next/static/chunks/node_modules_next_dist_4b2403f5._.js:2294
[   29159ms] [LOG] [Fast Refresh] rebuilding @ http://localhost:3000/_next/static/chunks/node_modules_next_dist_4b2403f5._.js:2294
[   29159ms] [WARNING] Image with src "/cert4card.avif" has "fill" but is missing "sizes" prop. Please add it to improve page performance. Read more: https://nextjs.org/docs/api-reference/next/image#sizes @ http://localhost:3000/_next/static/chunks/node_modules_next_dist_4b2403f5._.js:2294
[   29162ms] [WARNING] Image with src "/blankcard.avif" has "fill" but is missing "sizes" prop. Please add it to improve page performance. Read more: https://nextjs.org/docs/api-reference/next/image#sizes @ http://localhost:3000/_next/static/chunks/node_modules_next_dist_4b2403f5._.js:2294
[   29163ms] [WARNING] Image with src "/frontoffolder.avif" has "fill" but is missing "sizes" prop. Please add it to improve page performance. Read more: https://nextjs.org/docs/api-reference/next/image#sizes @ http://localhost:3000/_next/static/chunks/node_modules_next_dist_4b2403f5._.js:2294
[   29168ms] [LOG] [Fast Refresh] done in 128ms @ http://localhost:3000/_next/static/chunks/node_modules_next_dist_4b2403f5._.js:2294
[   29277ms] [LOG] [Fast Refresh] rebuilding @ http://localhost:3000/_next/static/chunks/node_modules_next_dist_4b2403f5._.js:2294
[   29278ms] [LOG] [Fast Refresh] done in 109ms @ http://localhost:3000/_next/static/chunks/node_modules_next_dist_4b2403f5._.js:2294
[   29557ms] [LOG] [Fast Refresh] rebuilding @ http://localhost:3000/_next/static/chunks/node_modules_next_dist_4b2403f5._.js:2294
[   29559ms] [LOG] [Fast Refresh] done in 105ms @ http://localhost:3000/_next/static/chunks/node_modules_next_dist_4b2403f5._.js:2294
[   29665ms] [LOG] [Fast Refresh] rebuilding @ http://localhost:3000/_next/static/chunks/node_modules_next_dist_4b2403f5._.js:2294
[   29676ms] [LOG] [Fast Refresh] done in 114ms @ http://localhost:3000/_next/static/chunks/node_modules_next_dist_4b2403f5._.js:2294
[   29848ms] [LOG] [Fast Refresh] rebuilding @ http://localhost:3000/_next/static/chunks/node_modules_next_dist_4b2403f5._.js:2294
[   29861ms] [LOG] [Fast Refresh] done in 115ms @ http://localhost:3000/_next/static/chunks/node_modules_next_dist_4b2403f5._.js:2294
[   36214ms] [LOG] [Fast Refresh] rebuilding @ http://localhost:3000/_next/static/chunks/node_modules_next_dist_4b2403f5._.js:2294
[   36314ms] [LOG] [Fast Refresh] done in 215ms @ http://localhost:3000/_next/static/chunks/node_modules_next_dist_4b2403f5._.js:2294
[   36547ms] [LOG] [Fast Refresh] rebuilding @ http://localhost:3000/_next/static/chunks/node_modules_next_dist_4b2403f5._.js:2294
[   36565ms] [LOG] [Fast Refresh] done in 127ms @ http://localhost:3000/_next/static/chunks/node_modules_next_dist_4b2403f5._.js:2294
[   36845ms] [LOG] [Fast Refresh] rebuilding @ http://localhost:3000/_next/static/chunks/node_modules_next_dist_4b2403f5._.js:2294
[   36847ms] [LOG] [Fast Refresh] done in 117ms @ http://localhost:3000/_next/static/chunks/node_modules_next_dist_4b2403f5._.js:2294
[   37111ms] [LOG] [Fast Refresh] rebuilding @ http://localhost:3000/_next/static/chunks/node_modules_next_dist_4b2403f5._.js:2294
[   37112ms] [LOG] [Fast Refresh] done in 114ms @ http://localhost:3000/_next/static/chunks/node_modules_next_dist_4b2403f5._.js:2294
[   38784ms] [LOG] [Fast Refresh] rebuilding @ http://localhost:3000/_next/static/chunks/node_modules_next_dist_4b2403f5._.js:2294
[   38799ms] [LOG] [Fast Refresh] done in 119ms @ http://localhost:3000/_next/static/chunks/node_modules_next_dist_4b2403f5._.js:2294
[   38909ms] [LOG] [Fast Refresh] rebuilding @ http://localhost:3000/_next/static/chunks/node_modules_next_dist_4b2403f5._.js:2294
[   38910ms] [LOG] [Fast Refresh] done in 109ms @ http://localhost:3000/_next/static/chunks/node_modules_next_dist_4b2403f5._.js:2294
[   39067ms] [LOG] [Fast Refresh] rebuilding @ http://localhost:3000/_next/static/chunks/node_modules_next_dist_4b2403f5._.js:2294
[   39083ms] [LOG] [Fast Refresh] done in 118ms @ http://localhost:3000/_next/static/chunks/node_modules_next_dist_4b2403f5._.js:2294
[   39244ms] [LOG] [Fast Refresh] rebuilding @ http://localhost:3000/_next/static/chunks/node_modules_next_dist_4b2403f5._.js:2294
[   39245ms] [LOG] [Fast Refresh] done in 111ms @ http://localhost:3000/_next/static/chunks/node_modules_next_dist_4b2403f5._.js:2294
[   39597ms] [LOG] [Fast Refresh] rebuilding @ http://localhost:3000/_next/static/chunks/node_modules_next_dist_4b2403f5._.js:2294
[   39614ms] [LOG] [Fast Refresh] done in 133ms @ http://localhost:3000/_next/static/chunks/node_modules_next_dist_4b2403f5._.js:2294
[   39911ms] [LOG] [Fast Refresh] rebuilding @ http://localhost:3000/_next/static/chunks/node_modules_next_dist_4b2403f5._.js:2294
[   39914ms] [LOG] [Fast Refresh] done in 114ms @ http://localhost:3000/_next/static/chunks/node_modules_next_dist_4b2403f5._.js:2294
[   40364ms] [LOG] [Fast Refresh] rebuilding @ http://localhost:3000/_next/static/chunks/node_modules_next_dist_4b2403f5._.js:2294
[   40365ms] [LOG] [Fast Refresh] done in 117ms @ http://localhost:3000/_next/static/chunks/node_modules_next_dist_4b2403f5._.js:2294
[   40663ms] [LOG] [Fast Refresh] rebuilding @ http://localhost:3000/_next/static/chunks/node_modules_next_dist_4b2403f5._.js:2294
[   40664ms] [LOG] [Fast Refresh] done in 116ms @ http://localhost:3000/_next/static/chunks/node_modules_next_dist_4b2403f5._.js:2294
[   40942ms] [LOG] [Fast Refresh] rebuilding @ http://localhost:3000/_next/static/chunks/node_modules_next_dist_4b2403f5._.js:2294
[   41000ms] [LOG] [Fast Refresh] done in 167ms @ http://localhost:3000/_next/static/chunks/node_modules_next_dist_4b2403f5._.js:2294
[   41217ms] [LOG] [Fast Refresh] rebuilding @ http://localhost:3000/_next/static/chunks/node_modules_next_dist_4b2403f5._.js:2294
[   41231ms] [LOG] [Fast Refresh] done in 118ms @ http://localhost:3000/_next/static/chunks/node_modules_next_dist_4b2403f5._.js:2294
[   41513ms] [LOG] [Fast Refresh] rebuilding @ http://localhost:3000/_next/static/chunks/node_modules_next_dist_4b2403f5._.js:2294
[   41531ms] [LOG] [Fast Refresh] done in 132ms @ http://localhost:3000/_next/static/chunks/node_modules_next_dist_4b2403f5._.js:2294
[   41797ms] [LOG] [Fast Refresh] rebuilding @ http://localhost:3000/_next/static/chunks/node_modules_next_dist_4b2403f5._.js:2294
[   41847ms] [LOG] [Fast Refresh] done in 151ms @ http://localhost:3000/_next/static/chunks/node_modules_next_dist_4b2403f5._.js:2294
[   42114ms] [LOG] [Fast Refresh] rebuilding @ http://localhost:3000/_next/static/chunks/node_modules_next_dist_4b2403f5._.js:2294
[   42132ms] [LOG] [Fast Refresh] done in 118ms @ http://localhost:3000/_next/static/chunks/node_modules_next_dist_4b2403f5._.js:2294
[   42413ms] [LOG] [Fast Refresh] rebuilding @ http://localhost:3000/_next/static/chunks/node_modules_next_dist_4b2403f5._.js:2294
[   42430ms] [LOG] [Fast Refresh] done in 125ms @ http://localhost:3000/_next/static/chunks/node_modules_next_dist_4b2403f5._.js:2294
[   42650ms] [LOG] [Fast Refresh] rebuilding @ http://localhost:3000/_next/static/chunks/node_modules_next_dist_4b2403f5._.js:2294
[   42714ms] [LOG] [Fast Refresh] done in 167ms @ http://localhost:3000/_next/static/chunks/node_modules_next_dist_4b2403f5._.js:2294
[   42929ms] [LOG] [Fast Refresh] rebuilding @ http://localhost:3000/_next/static/chunks/node_modules_next_dist_4b2403f5._.js:2294
[   42934ms] [LOG] [Fast Refresh] done in 120ms @ http://localhost:3000/_next/static/chunks/node_modules_next_dist_4b2403f5._.js:2294
[   43043ms] [LOG] [Fast Refresh] rebuilding @ http://localhost:3000/_next/static/chunks/node_modules_next_dist_4b2403f5._.js:2294
[   43060ms] [LOG] [Fast Refresh] done in 125ms @ http://localhost:3000/_next/static/chunks/node_modules_next_dist_4b2403f5._.js:2294
[   43214ms] [LOG] [Fast Refresh] rebuilding @ http://localhost:3000/_next/static/chunks/node_modules_next_dist_4b2403f5._.js:2294
[   43283ms] [LOG] [Fast Refresh] done in 169ms @ http://localhost:3000/_next/static/chunks/node_modules_next_dist_4b2403f5._.js:2294
[   43397ms] [LOG] [Fast Refresh] rebuilding @ http://localhost:3000/_next/static/chunks/node_modules_next_dist_4b2403f5._.js:2294
[   43453ms] [LOG] [Fast Refresh] done in 170ms @ http://localhost:3000/_next/static/chunks/node_modules_next_dist_4b2403f5._.js:2294
[   43597ms] [LOG] [Fast Refresh] rebuilding @ http://localhost:3000/_next/static/chunks/node_modules_next_dist_4b2403f5._.js:2294
[   43617ms] [LOG] [Fast Refresh] done in 132ms @ http://localhost:3000/_next/static/chunks/node_modules_next_dist_4b2403f5._.js:2294
[   43727ms] [LOG] [Fast Refresh] rebuilding @ http://localhost:3000/_next/static/chunks/node_modules_next_dist_4b2403f5._.js:2294
[   43834ms] [LOG] [Fast Refresh] done in 216ms @ http://localhost:3000/_next/static/chunks/node_modules_next_dist_4b2403f5._.js:2294
[   43947ms] [LOG] [Fast Refresh] rebuilding @ http://localhost:3000/_next/static/chunks/node_modules_next_dist_4b2403f5._.js:2294
[   44013ms] [LOG] [Fast Refresh] done in 177ms @ http://localhost:3000/_next/static/chunks/node_modules_next_dist_4b2403f5._.js:2294
[   44230ms] [LOG] [Fast Refresh] rebuilding @ http://localhost:3000/_next/static/chunks/node_modules_next_dist_4b2403f5._.js:2294
[   44248ms] [LOG] [Fast Refresh] done in 131ms @ http://localhost:3000/_next/static/chunks/node_modules_next_dist_4b2403f5._.js:2294
[   44352ms] [LOG] [Fast Refresh] rebuilding @ http://localhost:3000/_next/static/chunks/node_modules_next_dist_4b2403f5._.js:2294
[   44369ms] [LOG] [Fast Refresh] done in 119ms @ http://localhost:3000/_next/static/chunks/node_modules_next_dist_4b2403f5._.js:2294
[   44529ms] [LOG] [Fast Refresh] rebuilding @ http://localhost:3000/_next/static/chunks/node_modules_next_dist_4b2403f5._.js:2294
[   44547ms] [LOG] [Fast Refresh] done in 129ms @ http://localhost:3000/_next/static/chunks/node_modules_next_dist_4b2403f5._.js:2294
[   44705ms] [LOG] [Fast Refresh] rebuilding @ http://localhost:3000/_next/static/chunks/node_modules_next_dist_4b2403f5._.js:2294
[   44752ms] [LOG] [Fast Refresh] done in 152ms @ http://localhost:3000/_next/static/chunks/node_modules_next_dist_4b2403f5._.js:2294
[   44863ms] [LOG] [Fast Refresh] rebuilding @ http://localhost:3000/_next/static/chunks/node_modules_next_dist_4b2403f5._.js:2294
[   44880ms] [LOG] [Fast Refresh] done in 128ms @ http://localhost:3000/_next/static/chunks/node_modules_next_dist_4b2403f5._.js:2294
[   45046ms] [LOG] [Fast Refresh] rebuilding @ http://localhost:3000/_next/static/chunks/node_modules_next_dist_4b2403f5._.js:2294
[   45100ms] [LOG] [Fast Refresh] done in 163ms @ http://localhost:3000/_next/static/chunks/node_modules_next_dist_4b2403f5._.js:2294
[   45263ms] [LOG] [Fast Refresh] rebuilding @ http://localhost:3000/_next/static/chunks/node_modules_next_dist_4b2403f5._.js:2294
[   45265ms] [LOG] [Fast Refresh] done in 115ms @ http://localhost:3000/_next/static/chunks/node_modules_next_dist_4b2403f5._.js:2294
[   45430ms] [LOG] [Fast Refresh] rebuilding @ http://localhost:3000/_next/static/chunks/node_modules_next_dist_4b2403f5._.js:2294
[   45431ms] [LOG] [Fast Refresh] done in 114ms @ http://localhost:3000/_next/static/chunks/node_modules_next_dist_4b2403f5._.js:2294
[   45749ms] [LOG] [Fast Refresh] rebuilding @ http://localhost:3000/_next/static/chunks/node_modules_next_dist_4b2403f5._.js:2294
[   45800ms] [LOG] [Fast Refresh] done in 152ms @ http://localhost:3000/_next/static/chunks/node_modules_next_dist_4b2403f5._.js:2294
[   46080ms] [LOG] [Fast Refresh] rebuilding @ http://localhost:3000/_next/static/chunks/node_modules_next_dist_4b2403f5._.js:2294
[   46097ms] [LOG] [Fast Refresh] done in 131ms @ http://localhost:3000/_next/static/chunks/node_modules_next_dist_4b2403f5._.js:2294
[   46364ms] [LOG] [Fast Refresh] rebuilding @ http://localhost:3000/_next/static/chunks/node_modules_next_dist_4b2403f5._.js:2294
[   46416ms] [LOG] [Fast Refresh] done in 152ms @ http://localhost:3000/_next/static/chunks/node_modules_next_dist_4b2403f5._.js:2294
[   46530ms] [LOG] [Fast Refresh] rebuilding @ http://localhost:3000/_next/static/chunks/node_modules_next_dist_4b2403f5._.js:2294
[   46547ms] [LOG] [Fast Refresh] done in 131ms @ http://localhost:3000/_next/static/chunks/node_modules_next_dist_4b2403f5._.js:2294
[   46713ms] [LOG] [Fast Refresh] rebuilding @ http://localhost:3000/_next/static/chunks/node_modules_next_dist_4b2403f5._.js:2294
[   46929ms] [LOG] [Fast Refresh] done in 327ms @ http://localhost:3000/_next/static/chunks/node_modules_next_dist_4b2403f5._.js:2294
[   47045ms] [LOG] [Fast Refresh] rebuilding @ http://localhost:3000/_next/static/chunks/node_modules_next_dist_4b2403f5._.js:2294
[   47045ms] [LOG] [Fast Refresh] done in 116ms @ http://localhost:3000/_next/static/chunks/node_modules_next_dist_4b2403f5._.js:2294
[   47380ms] [LOG] [Fast Refresh] rebuilding @ http://localhost:3000/_next/static/chunks/node_modules_next_dist_4b2403f5._.js:2294
[   47436ms] [LOG] [Fast Refresh] done in 170ms @ http://localhost:3000/_next/static/chunks/node_modules_next_dist_4b2403f5._.js:2294
[   47598ms] [LOG] [Fast Refresh] rebuilding @ http://localhost:3000/_next/static/chunks/node_modules_next_dist_4b2403f5._.js:2294
[   47615ms] [LOG] [Fast Refresh] done in 117ms @ http://localhost:3000/_next/static/chunks/node_modules_next_dist_4b2403f5._.js:2294
[   47780ms] [LOG] [Fast Refresh] rebuilding @ http://localhost:3000/_next/static/chunks/node_modules_next_dist_4b2403f5._.js:2294
[   47783ms] [LOG] [Fast Refresh] done in 117ms @ http://localhost:3000/_next/static/chunks/node_modules_next_dist_4b2403f5._.js:2294
[   47980ms] [LOG] [Fast Refresh] rebuilding @ http://localhost:3000/_next/static/chunks/node_modules_next_dist_4b2403f5._.js:2294
[   47999ms] [LOG] [Fast Refresh] done in 135ms @ http://localhost:3000/_next/static/chunks/node_modules_next_dist_4b2403f5._.js:2294
[   48113ms] [LOG] [Fast Refresh] rebuilding @ http://localhost:3000/_next/static/chunks/node_modules_next_dist_4b2403f5._.js:2294
[   48131ms] [LOG] [Fast Refresh] done in 131ms @ http://localhost:3000/_next/static/chunks/node_modules_next_dist_4b2403f5._.js:2294
[   48280ms] [LOG] [Fast Refresh] rebuilding @ http://localhost:3000/_next/static/chunks/node_modules_next_dist_4b2403f5._.js:2294
[   48333ms] [LOG] [Fast Refresh] done in 167ms @ http://localhost:3000/_next/static/chunks/node_modules_next_dist_4b2403f5._.js:2294
[   48435ms] [LOG] [Fast Refresh] rebuilding @ http://localhost:3000/_next/static/chunks/node_modules_next_dist_4b2403f5._.js:2294
[   48501ms] [LOG] [Fast Refresh] done in 168ms @ http://localhost:3000/_next/static/chunks/node_modules_next_dist_4b2403f5._.js:2294
[   48636ms] [LOG] [Fast Refresh] rebuilding @ http://localhost:3000/_next/static/chunks/node_modules_next_dist_4b2403f5._.js:2294
[   48708ms] [LOG] [Fast Refresh] done in 173ms @ http://localhost:3000/_next/static/chunks/node_modules_next_dist_4b2403f5._.js:2294
[   48878ms] [LOG] [Fast Refresh] rebuilding @ http://localhost:3000/_next/static/chunks/node_modules_next_dist_4b2403f5._.js:2294
[   48999ms] [LOG] [Fast Refresh] done in 235ms @ http://localhost:3000/_next/static/chunks/node_modules_next_dist_4b2403f5._.js:2294
[   49111ms] [LOG] [Fast Refresh] rebuilding @ http://localhost:3000/_next/static/chunks/node_modules_next_dist_4b2403f5._.js:2294
[   49224ms] [LOG] [Fast Refresh] done in 223ms @ http://localhost:3000/_next/static/chunks/node_modules_next_dist_4b2403f5._.js:2294
[   49389ms] [LOG] [Fast Refresh] rebuilding @ http://localhost:3000/_next/static/chunks/node_modules_next_dist_4b2403f5._.js:2294
[   49446ms] [LOG] [Fast Refresh] done in 162ms @ http://localhost:3000/_next/static/chunks/node_modules_next_dist_4b2403f5._.js:2294
[   49564ms] [LOG] [Fast Refresh] rebuilding @ http://localhost:3000/_next/static/chunks/node_modules_next_dist_4b2403f5._.js:2294
[   49826ms] [LOG] [Fast Refresh] done in 362ms @ http://localhost:3000/_next/static/chunks/node_modules_next_dist_4b2403f5._.js:2294
[   49930ms] [LOG] [Fast Refresh] rebuilding @ http://localhost:3000/_next/static/chunks/node_modules_next_dist_4b2403f5._.js:2294
[   49931ms] [LOG] [Fast Refresh] done in 104ms @ http://localhost:3000/_next/static/chunks/node_modules_next_dist_4b2403f5._.js:2294
[   50089ms] [LOG] [Fast Refresh] rebuilding @ http://localhost:3000/_next/static/chunks/node_modules_next_dist_4b2403f5._.js:2294
[   50149ms] [LOG] [Fast Refresh] done in 162ms @ http://localhost:3000/_next/static/chunks/node_modules_next_dist_4b2403f5._.js:2294
[   50272ms] [LOG] [Fast Refresh] rebuilding @ http://localhost:3000/_next/static/chunks/node_modules_next_dist_4b2403f5._.js:2294
[   50365ms] [LOG] [Fast Refresh] done in 197ms @ http://localhost:3000/_next/static/chunks/node_modules_next_dist_4b2403f5._.js:2294
[   50476ms] [LOG] [Fast Refresh] rebuilding @ http://localhost:3000/_next/static/chunks/node_modules_next_dist_4b2403f5._.js:2294
[   50493ms] [LOG] [Fast Refresh] done in 127ms @ http://localhost:3000/_next/static/chunks/node_modules_next_dist_4b2403f5._.js:2294
[   50696ms] [LOG] [Fast Refresh] rebuilding @ http://localhost:3000/_next/static/chunks/node_modules_next_dist_4b2403f5._.js:2294
[   50864ms] [LOG] [Fast Refresh] done in 274ms @ http://localhost:3000/_next/static/chunks/node_modules_next_dist_4b2403f5._.js:2294
[   50977ms] [LOG] [Fast Refresh] rebuilding @ http://localhost:3000/_next/static/chunks/node_modules_next_dist_4b2403f5._.js:2294
[   51041ms] [LOG] [Fast Refresh] done in 176ms @ http://localhost:3000/_next/static/chunks/node_modules_next_dist_4b2403f5._.js:2294
[   51144ms] [LOG] [Fast Refresh] rebuilding @ http://localhost:3000/_next/static/chunks/node_modules_next_dist_4b2403f5._.js:2294
[   51197ms] [LOG] [Fast Refresh] done in 155ms @ http://localhost:3000/_next/static/chunks/node_modules_next_dist_4b2403f5._.js:2294
[   51538ms] [LOG] [Fast Refresh] rebuilding @ http://localhost:3000/_next/static/chunks/node_modules_next_dist_4b2403f5._.js:2294
[   51621ms] [LOG] [Fast Refresh] done in 185ms @ http://localhost:3000/_next/static/chunks/node_modules_next_dist_4b2403f5._.js:2294
[   51746ms] [LOG] [Fast Refresh] rebuilding @ http://localhost:3000/_next/static/chunks/node_modules_next_dist_4b2403f5._.js:2294
[   51800ms] [LOG] [Fast Refresh] done in 164ms @ http://localhost:3000/_next/static/chunks/node_modules_next_dist_4b2403f5._.js:2294
[   51953ms] [LOG] [Fast Refresh] rebuilding @ http://localhost:3000/_next/static/chunks/node_modules_next_dist_4b2403f5._.js:2294
[   52149ms] [LOG] [Fast Refresh] done in 298ms @ http://localhost:3000/_next/static/chunks/node_modules_next_dist_4b2403f5._.js:2294
[   52294ms] [LOG] [Fast Refresh] rebuilding @ http://localhost:3000/_next/static/chunks/node_modules_next_dist_4b2403f5._.js:2294
[   52385ms] [LOG] [Fast Refresh] done in 200ms @ http://localhost:3000/_next/static/chunks/node_modules_next_dist_4b2403f5._.js:2294
[   52546ms] [LOG] [Fast Refresh] rebuilding @ http://localhost:3000/_next/static/chunks/node_modules_next_dist_4b2403f5._.js:2294
[   52670ms] [LOG] [Fast Refresh] done in 232ms @ http://localhost:3000/_next/static/chunks/node_modules_next_dist_4b2403f5._.js:2294
[   52780ms] [LOG] [Fast Refresh] rebuilding @ http://localhost:3000/_next/static/chunks/node_modules_next_dist_4b2403f5._.js:2294
[   52898ms] [LOG] [Fast Refresh] done in 227ms @ http://localhost:3000/_next/static/chunks/node_modules_next_dist_4b2403f5._.js:2294
[   53012ms] [LOG] [Fast Refresh] rebuilding @ http://localhost:3000/_next/static/chunks/node_modules_next_dist_4b2403f5._.js:2294
[   53082ms] [LOG] [Fast Refresh] done in 183ms @ http://localhost:3000/_next/static/chunks/node_modules_next_dist_4b2403f5._.js:2294
[   53194ms] [LOG] [Fast Refresh] rebuilding @ http://localhost:3000/_next/static/chunks/node_modules_next_dist_4b2403f5._.js:2294
[   53258ms] [LOG] [Fast Refresh] done in 175ms @ http://localhost:3000/_next/static/chunks/node_modules_next_dist_4b2403f5._.js:2294
[   53414ms] [LOG] [Fast Refresh] rebuilding @ http://localhost:3000/_next/static/chunks/node_modules_next_dist_4b2403f5._.js:2294
[   53517ms] [LOG] [Fast Refresh] done in 213ms @ http://localhost:3000/_next/static/chunks/node_modules_next_dist_4b2403f5._.js:2294
[   53634ms] [LOG] [Fast Refresh] rebuilding @ http://localhost:3000/_next/static/chunks/node_modules_next_dist_4b2403f5._.js:2294
[   53699ms] [LOG] [Fast Refresh] done in 181ms @ http://localhost:3000/_next/static/chunks/node_modules_next_dist_4b2403f5._.js:2294
[   53980ms] [LOG] [Fast Refresh] rebuilding @ http://localhost:3000/_next/static/chunks/node_modules_next_dist_4b2403f5._.js:2294
[   54068ms] [LOG] [Fast Refresh] done in 201ms @ http://localhost:3000/_next/static/chunks/node_modules_next_dist_4b2403f5._.js:2294
[   54275ms] [LOG] [Fast Refresh] rebuilding @ http://localhost:3000/_next/static/chunks/node_modules_next_dist_4b2403f5._.js:2294
[   54333ms] [LOG] [Fast Refresh] done in 164ms @ http://localhost:3000/_next/static/chunks/node_modules_next_dist_4b2403f5._.js:2294
[   54531ms] [LOG] [Fast Refresh] rebuilding @ http://localhost:3000/_next/static/chunks/node_modules_next_dist_4b2403f5._.js:2294
[   54597ms] [LOG] [Fast Refresh] done in 170ms @ http://localhost:3000/_next/static/chunks/node_modules_next_dist_4b2403f5._.js:2294
[   54810ms] [LOG] [Fast Refresh] rebuilding @ http://localhost:3000/_next/static/chunks/node_modules_next_dist_4b2403f5._.js:2294
[   54881ms] [LOG] [Fast Refresh] done in 183ms @ http://localhost:3000/_next/static/chunks/node_modules_next_dist_4b2403f5._.js:2294
[   55080ms] [LOG] [Fast Refresh] rebuilding @ http://localhost:3000/_next/static/chunks/node_modules_next_dist_4b2403f5._.js:2294
[   55130ms] [LOG] [Fast Refresh] done in 150ms @ http://localhost:3000/_next/static/chunks/node_modules_next_dist_4b2403f5._.js:2294
[   55428ms] [LOG] [Fast Refresh] rebuilding @ http://localhost:3000/_next/static/chunks/node_modules_next_dist_4b2403f5._.js:2294
[   55495ms] [LOG] [Fast Refresh] done in 177ms @ http://localhost:3000/_next/static/chunks/node_modules_next_dist_4b2403f5._.js:2294
[   55711ms] [LOG] [Fast Refresh] rebuilding @ http://localhost:3000/_next/static/chunks/node_modules_next_dist_4b2403f5._.js:2294
[   55766ms] [LOG] [Fast Refresh] done in 167ms @ http://localhost:3000/_next/static/chunks/node_modules_next_dist_4b2403f5._.js:2294
[   56033ms] [LOG] [Fast Refresh] rebuilding @ http://localhost:3000/_next/static/chunks/node_modules_next_dist_4b2403f5._.js:2294
[   56100ms] [LOG] [Fast Refresh] done in 169ms @ http://localhost:3000/_next/static/chunks/node_modules_next_dist_4b2403f5._.js:2294
[   56216ms] [LOG] [Fast Refresh] rebuilding @ http://localhost:3000/_next/static/chunks/node_modules_next_dist_4b2403f5._.js:2294
[   56279ms] [LOG] [Fast Refresh] done in 163ms @ http://localhost:3000/_next/static/chunks/node_modules_next_dist_4b2403f5._.js:2294
[   56411ms] [LOG] [Fast Refresh] rebuilding @ http://localhost:3000/_next/static/chunks/node_modules_next_dist_4b2403f5._.js:2294
[   56477ms] [LOG] [Fast Refresh] done in 173ms @ http://localhost:3000/_next/static/chunks/node_modules_next_dist_4b2403f5._.js:2294
[   56597ms] [LOG] [Fast Refresh] rebuilding @ http://localhost:3000/_next/static/chunks/node_modules_next_dist_4b2403f5._.js:2294
[   56797ms] [LOG] [Fast Refresh] done in 300ms @ http://localhost:3000/_next/static/chunks/node_modules_next_dist_4b2403f5._.js:2294
[   56911ms] [LOG] [Fast Refresh] rebuilding @ http://localhost:3000/_next/static/chunks/node_modules_next_dist_4b2403f5._.js:2294
[   56964ms] [LOG] [Fast Refresh] done in 163ms @ http://localhost:3000/_next/static/chunks/node_modules_next_dist_4b2403f5._.js:2294
[   57130ms] [LOG] [Fast Refresh] rebuilding @ http://localhost:3000/_next/static/chunks/node_modules_next_dist_4b2403f5._.js:2294
[   57149ms] [LOG] [Fast Refresh] done in 119ms @ http://localhost:3000/_next/static/chunks/node_modules_next_dist_4b2403f5._.js:2294
[   57261ms] [LOG] [Fast Refresh] rebuilding @ http://localhost:3000/_next/static/chunks/node_modules_next_dist_4b2403f5._.js:2294
[   57315ms] [LOG] [Fast Refresh] done in 166ms @ http://localhost:3000/_next/static/chunks/node_modules_next_dist_4b2403f5._.js:2294
[   57445ms] [LOG] [Fast Refresh] rebuilding @ http://localhost:3000/_next/static/chunks/node_modules_next_dist_4b2403f5._.js:2294
[   57511ms] [LOG] [Fast Refresh] done in 178ms @ http://localhost:3000/_next/static/chunks/node_modules_next_dist_4b2403f5._.js:2294
[   57668ms] [LOG] [Fast Refresh] rebuilding @ http://localhost:3000/_next/static/chunks/node_modules_next_dist_4b2403f5._.js:2294
[   57732ms] [LOG] [Fast Refresh] done in 165ms @ http://localhost:3000/_next/static/chunks/node_modules_next_dist_4b2403f5._.js:2294
[   57861ms] [LOG] [Fast Refresh] rebuilding @ http://localhost:3000/_next/static/chunks/node_modules_next_dist_4b2403f5._.js:2294
[   58065ms] [LOG] [Fast Refresh] done in 316ms @ http://localhost:3000/_next/static/chunks/node_modules_next_dist_4b2403f5._.js:2294
[   58249ms] [LOG] [Fast Refresh] rebuilding @ http://localhost:3000/_next/static/chunks/node_modules_next_dist_4b2403f5._.js:2294
[   58318ms] [LOG] [Fast Refresh] done in 170ms @ http://localhost:3000/_next/static/chunks/node_modules_next_dist_4b2403f5._.js:2294
[   58531ms] [LOG] [Fast Refresh] rebuilding @ http://localhost:3000/_next/static/chunks/node_modules_next_dist_4b2403f5._.js:2294
[   58582ms] [LOG] [Fast Refresh] done in 166ms @ http://localhost:3000/_next/static/chunks/node_modules_next_dist_4b2403f5._.js:2294
[   58850ms] [LOG] [Fast Refresh] rebuilding @ http://localhost:3000/_next/static/chunks/node_modules_next_dist_4b2403f5._.js:2294
[   58901ms] [LOG] [Fast Refresh] done in 153ms @ http://localhost:3000/_next/static/chunks/node_modules_next_dist_4b2403f5._.js:2294
[   59165ms] [LOG] [Fast Refresh] rebuilding @ http://localhost:3000/_next/static/chunks/node_modules_next_dist_4b2403f5._.js:2294
[   59233ms] [LOG] [Fast Refresh] done in 169ms @ http://localhost:3000/_next/static/chunks/node_modules_next_dist_4b2403f5._.js:2294
[   59362ms] [LOG] [Fast Refresh] rebuilding @ http://localhost:3000/_next/static/chunks/node_modules_next_dist_4b2403f5._.js:2294
[   59428ms] [LOG] [Fast Refresh] done in 177ms @ http://localhost:3000/_next/static/chunks/node_modules_next_dist_4b2403f5._.js:2294
[   59545ms] [LOG] [Fast Refresh] rebuilding @ http://localhost:3000/_next/static/chunks/node_modules_next_dist_4b2403f5._.js:2294
[   59615ms] [LOG] [Fast Refresh] done in 170ms @ http://localhost:3000/_next/static/chunks/node_modules_next_dist_4b2403f5._.js:2294
[   59793ms] [LOG] [Fast Refresh] rebuilding @ http://localhost:3000/_next/static/chunks/node_modules_next_dist_4b2403f5._.js:2294
[   59845ms] [LOG] [Fast Refresh] done in 164ms @ http://localhost:3000/_next/static/chunks/node_modules_next_dist_4b2403f5._.js:2294
[   60088ms] [LOG] [Fast Refresh] rebuilding @ http://localhost:3000/_next/static/chunks/node_modules_next_dist_4b2403f5._.js:2294
[   60182ms] [LOG] [Fast Refresh] done in 198ms @ http://localhost:3000/_next/static/chunks/node_modules_next_dist_4b2403f5._.js:2294
[   60283ms] [LOG] [Fast Refresh] rebuilding @ http://localhost:3000/_next/static/chunks/node_modules_next_dist_4b2403f5._.js:2294
[   60332ms] [LOG] [Fast Refresh] done in 150ms @ http://localhost:3000/_next/static/chunks/node_modules_next_dist_4b2403f5._.js:2294
[   60454ms] [LOG] [Fast Refresh] rebuilding @ http://localhost:3000/_next/static/chunks/node_modules_next_dist_4b2403f5._.js:2294
[   60566ms] [LOG] [Fast Refresh] done in 215ms @ http://localhost:3000/_next/static/chunks/node_modules_next_dist_4b2403f5._.js:2294
[   60744ms] [LOG] [Fast Refresh] rebuilding @ http://localhost:3000/_next/static/chunks/node_modules_next_dist_4b2403f5._.js:2294
[   60853ms] [LOG] [Fast Refresh] done in 220ms @ http://localhost:3000/_next/static/chunks/node_modules_next_dist_4b2403f5._.js:2294
[   61044ms] [LOG] [Fast Refresh] rebuilding @ http://localhost:3000/_next/static/chunks/node_modules_next_dist_4b2403f5._.js:2294
[   61157ms] [LOG] [Fast Refresh] done in 217ms @ http://localhost:3000/_next/static/chunks/node_modules_next_dist_4b2403f5._.js:2294
[   61261ms] [LOG] [Fast Refresh] rebuilding @ http://localhost:3000/_next/static/chunks/node_modules_next_dist_4b2403f5._.js:2294
[   61371ms] [LOG] [Fast Refresh] done in 211ms @ http://localhost:3000/_next/static/chunks/node_modules_next_dist_4b2403f5._.js:2294
[   61472ms] [LOG] [Fast Refresh] rebuilding @ http://localhost:3000/_next/static/chunks/node_modules_next_dist_4b2403f5._.js:2294
[   61719ms] [LOG] [Fast Refresh] done in 347ms @ http://localhost:3000/_next/static/chunks/node_modules_next_dist_4b2403f5._.js:2294
[   61879ms] [LOG] [Fast Refresh] rebuilding @ http://localhost:3000/_next/static/chunks/node_modules_next_dist_4b2403f5._.js:2294
[   61969ms] [LOG] [Fast Refresh] done in 192ms @ http://localhost:3000/_next/static/chunks/node_modules_next_dist_4b2403f5._.js:2294
[   62078ms] [LOG] [Fast Refresh] rebuilding @ http://localhost:3000/_next/static/chunks/node_modules_next_dist_4b2403f5._.js:2294
[   62187ms] [LOG] [Fast Refresh] done in 218ms @ http://localhost:3000/_next/static/chunks/node_modules_next_dist_4b2403f5._.js:2294
[   62387ms] [LOG] [Fast Refresh] rebuilding @ http://localhost:3000/_next/static/chunks/node_modules_next_dist_4b2403f5._.js:2294
[   62487ms] [LOG] [Fast Refresh] done in 202ms @ http://localhost:3000/_next/static/chunks/node_modules_next_dist_4b2403f5._.js:2294
[   62590ms] [LOG] [Fast Refresh] rebuilding @ http://localhost:3000/_next/static/chunks/node_modules_next_dist_4b2403f5._.js:2294
[   62651ms] [LOG] [Fast Refresh] done in 163ms @ http://localhost:3000/_next/static/chunks/node_modules_next_dist_4b2403f5._.js:2294
[   62760ms] [LOG] [Fast Refresh] rebuilding @ http://localhost:3000/_next/static/chunks/node_modules_next_dist_4b2403f5._.js:2294
[   62851ms] [LOG] [Fast Refresh] done in 199ms @ http://localhost:3000/_next/static/chunks/node_modules_next_dist_4b2403f5._.js:2294
[   62964ms] [LOG] [Fast Refresh] rebuilding @ http://localhost:3000/_next/static/chunks/node_modules_next_dist_4b2403f5._.js:2294
[   63048ms] [LOG] [Fast Refresh] done in 196ms @ http://localhost:3000/_next/static/chunks/node_modules_next_dist_4b2403f5._.js:2294
[   63216ms] [LOG] [Fast Refresh] rebuilding @ http://localhost:3000/_next/static/chunks/node_modules_next_dist_4b2403f5._.js:2294
[   63535ms] [LOG] [Fast Refresh] done in 420ms @ http://localhost:3000/_next/static/chunks/node_modules_next_dist_4b2403f5._.js:2294
[   63642ms] [LOG] [Fast Refresh] rebuilding @ http://localhost:3000/_next/static/chunks/node_modules_next_dist_4b2403f5._.js:2294
[   63852ms] [LOG] [Fast Refresh] done in 312ms @ http://localhost:3000/_next/static/chunks/node_modules_next_dist_4b2403f5._.js:2294
[   63965ms] [LOG] [Fast Refresh] rebuilding @ http://localhost:3000/_next/static/chunks/node_modules_next_dist_4b2403f5._.js:2294
[   64048ms] [LOG] [Fast Refresh] done in 194ms @ http://localhost:3000/_next/static/chunks/node_modules_next_dist_4b2403f5._.js:2294
[   64202ms] [LOG] [Fast Refresh] rebuilding @ http://localhost:3000/_next/static/chunks/node_modules_next_dist_4b2403f5._.js:2294
[   64318ms] [LOG] [Fast Refresh] done in 221ms @ http://localhost:3000/_next/static/chunks/node_modules_next_dist_4b2403f5._.js:2294
[   64474ms] [LOG] [Fast Refresh] rebuilding @ http://localhost:3000/_next/static/chunks/node_modules_next_dist_4b2403f5._.js:2294
[   64566ms] [LOG] [Fast Refresh] done in 193ms @ http://localhost:3000/_next/static/chunks/node_modules_next_dist_4b2403f5._.js:2294
[   64669ms] [LOG] [Fast Refresh] rebuilding @ http://localhost:3000/_next/static/chunks/node_modules_next_dist_4b2403f5._.js:2294
[   64745ms] [LOG] [Fast Refresh] done in 179ms @ http://localhost:3000/_next/static/chunks/node_modules_next_dist_4b2403f5._.js:2294
[   64859ms] [LOG] [Fast Refresh] rebuilding @ http://localhost:3000/_next/static/chunks/node_modules_next_dist_4b2403f5._.js:2294
[   64930ms] [LOG] [Fast Refresh] done in 178ms @ http://localhost:3000/_next/static/chunks/node_modules_next_dist_4b2403f5._.js:2294
[   65032ms] [LOG] [Fast Refresh] rebuilding @ http://localhost:3000/_next/static/chunks/node_modules_next_dist_4b2403f5._.js:2294
[   65082ms] [LOG] [Fast Refresh] done in 151ms @ http://localhost:3000/_next/static/chunks/node_modules_next_dist_4b2403f5._.js:2294
[   65199ms] [LOG] [Fast Refresh] rebuilding @ http://localhost:3000/_next/static/chunks/node_modules_next_dist_4b2403f5._.js:2294
[   65278ms] [LOG] [Fast Refresh] done in 191ms @ http://localhost:3000/_next/static/chunks/node_modules_next_dist_4b2403f5._.js:2294
[   65385ms] [LOG] [Fast Refresh] rebuilding @ http://localhost:3000/_next/static/chunks/node_modules_next_dist_4b2403f5._.js:2294
[   65438ms] [LOG] [Fast Refresh] done in 158ms @ http://localhost:3000/_next/static/chunks/node_modules_next_dist_4b2403f5._.js:2294
[   65545ms] [LOG] [Fast Refresh] rebuilding @ http://localhost:3000/_next/static/chunks/node_modules_next_dist_4b2403f5._.js:2294
[   65600ms] [LOG] [Fast Refresh] done in 161ms @ http://localhost:3000/_next/static/chunks/node_modules_next_dist_4b2403f5._.js:2294
[   65926ms] [LOG] [Fast Refresh] rebuilding @ http://localhost:3000/_next/static/chunks/node_modules_next_dist_4b2403f5._.js:2294
[   66018ms] [LOG] [Fast Refresh] done in 198ms @ http://localhost:3000/_next/static/chunks/node_modules_next_dist_4b2403f5._.js:2294
[   66126ms] [LOG] [Fast Refresh] rebuilding @ http://localhost:3000/_next/static/chunks/node_modules_next_dist_4b2403f5._.js:2294
[   66186ms] [LOG] [Fast Refresh] done in 167ms @ http://localhost:3000/_next/static/chunks/node_modules_next_dist_4b2403f5._.js:2294
[   66394ms] [LOG] [Fast Refresh] rebuilding @ http://localhost:3000/_next/static/chunks/node_modules_next_dist_4b2403f5._.js:2294
[   66472ms] [LOG] [Fast Refresh] done in 187ms @ http://localhost:3000/_next/static/chunks/node_modules_next_dist_4b2403f5._.js:2294
[   66578ms] [LOG] [Fast Refresh] rebuilding @ http://localhost:3000/_next/static/chunks/node_modules_next_dist_4b2403f5._.js:2294
[   66650ms] [LOG] [Fast Refresh] done in 178ms @ http://localhost:3000/_next/static/chunks/node_modules_next_dist_4b2403f5._.js:2294
[   66772ms] [LOG] [Fast Refresh] rebuilding @ http://localhost:3000/_next/static/chunks/node_modules_next_dist_4b2403f5._.js:2294
[   66852ms] [LOG] [Fast Refresh] done in 182ms @ http://localhost:3000/_next/static/chunks/node_modules_next_dist_4b2403f5._.js:2294
[   66967ms] [LOG] [Fast Refresh] rebuilding @ http://localhost:3000/_next/static/chunks/node_modules_next_dist_4b2403f5._.js:2294
[   67048ms] [LOG] [Fast Refresh] done in 180ms @ http://localhost:3000/_next/static/chunks/node_modules_next_dist_4b2403f5._.js:2294
[   67161ms] [LOG] [Fast Refresh] rebuilding @ http://localhost:3000/_next/static/chunks/node_modules_next_dist_4b2403f5._.js:2294
[   67196ms] [LOG] [Fast Refresh] done in 147ms @ http://localhost:3000/_next/static/chunks/node_modules_next_dist_4b2403f5._.js:2294
[   67300ms] [LOG] [Fast Refresh] rebuilding @ http://localhost:3000/_next/static/chunks/node_modules_next_dist_4b2403f5._.js:2294
[   67529ms] [LOG] [Fast Refresh] done in 333ms @ http://localhost:3000/_next/static/chunks/node_modules_next_dist_4b2403f5._.js:2294
[   67697ms] [LOG] [Fast Refresh] rebuilding @ http://localhost:3000/_next/static/chunks/node_modules_next_dist_4b2403f5._.js:2294
[   67747ms] [LOG] [Fast Refresh] done in 153ms @ http://localhost:3000/_next/static/chunks/node_modules_next_dist_4b2403f5._.js:2294
[   67849ms] [LOG] [Fast Refresh] rebuilding @ http://localhost:3000/_next/static/chunks/node_modules_next_dist_4b2403f5._.js:2294
[   67927ms] [LOG] [Fast Refresh] done in 178ms @ http://localhost:3000/_next/static/chunks/node_modules_next_dist_4b2403f5._.js:2294
[   68030ms] [LOG] [Fast Refresh] rebuilding @ http://localhost:3000/_next/static/chunks/node_modules_next_dist_4b2403f5._.js:2294
[   68093ms] [LOG] [Fast Refresh] done in 166ms @ http://localhost:3000/_next/static/chunks/node_modules_next_dist_4b2403f5._.js:2294
[   68208ms] [LOG] [Fast Refresh] rebuilding @ http://localhost:3000/_next/static/chunks/node_modules_next_dist_4b2403f5._.js:2294
[   68265ms] [LOG] [Fast Refresh] done in 165ms @ http://localhost:3000/_next/static/chunks/node_modules_next_dist_4b2403f5._.js:2294
[   68382ms] [LOG] [Fast Refresh] rebuilding @ http://localhost:3000/_next/static/chunks/node_modules_next_dist_4b2403f5._.js:2294
[   68459ms] [LOG] [Fast Refresh] done in 178ms @ http://localhost:3000/_next/static/chunks/node_modules_next_dist_4b2403f5._.js:2294
[   68562ms] [LOG] [Fast Refresh] rebuilding @ http://localhost:3000/_next/static/chunks/node_modules_next_dist_4b2403f5._.js:2294
[   68612ms] [LOG] [Fast Refresh] done in 153ms @ http://localhost:3000/_next/static/chunks/node_modules_next_dist_4b2403f5._.js:2294
[   68883ms] [LOG] [Fast Refresh] rebuilding @ http://localhost:3000/_next/static/chunks/node_modules_next_dist_4b2403f5._.js:2294
[   68949ms] [LOG] [Fast Refresh] done in 168ms @ http://localhost:3000/_next/static/chunks/node_modules_next_dist_4b2403f5._.js:2294
[   69160ms] [LOG] [Fast Refresh] rebuilding @ http://localhost:3000/_next/static/chunks/node_modules_next_dist_4b2403f5._.js:2294
[   69213ms] [LOG] [Fast Refresh] done in 163ms @ http://localhost:3000/_next/static/chunks/node_modules_next_dist_4b2403f5._.js:2294
[   69482ms] [LOG] [Fast Refresh] rebuilding @ http://localhost:3000/_next/static/chunks/node_modules_next_dist_4b2403f5._.js:2294
[   69546ms] [LOG] [Fast Refresh] done in 165ms @ http://localhost:3000/_next/static/chunks/node_modules_next_dist_4b2403f5._.js:2294
[   69750ms] [LOG] [Fast Refresh] rebuilding @ http://localhost:3000/_next/static/chunks/node_modules_next_dist_4b2403f5._.js:2294
[   69811ms] [LOG] [Fast Refresh] done in 164ms @ http://localhost:3000/_next/static/chunks/node_modules_next_dist_4b2403f5._.js:2294
[   70017ms] [LOG] [Fast Refresh] rebuilding @ http://localhost:3000/_next/static/chunks/node_modules_next_dist_4b2403f5._.js:2294
[   70079ms] [LOG] [Fast Refresh] done in 163ms @ http://localhost:3000/_next/static/chunks/node_modules_next_dist_4b2403f5._.js:2294
[   70231ms] [LOG] [Fast Refresh] rebuilding @ http://localhost:3000/_next/static/chunks/node_modules_next_dist_4b2403f5._.js:2294
[   70297ms] [LOG] [Fast Refresh] done in 167ms @ http://localhost:3000/_next/static/chunks/node_modules_next_dist_4b2403f5._.js:2294
[   70399ms] [LOG] [Fast Refresh] rebuilding @ http://localhost:3000/_next/static/chunks/node_modules_next_dist_4b2403f5._.js:2294
[   70462ms] [LOG] [Fast Refresh] done in 165ms @ http://localhost:3000/_next/static/chunks/node_modules_next_dist_4b2403f5._.js:2294
[   70567ms] [LOG] [Fast Refresh] rebuilding @ http://localhost:3000/_next/static/chunks/node_modules_next_dist_4b2403f5._.js:2294
[   70630ms] [LOG] [Fast Refresh] done in 166ms @ http://localhost:3000/_next/static/chunks/node_modules_next_dist_4b2403f5._.js:2294
[   70759ms] [LOG] [Fast Refresh] rebuilding @ http://localhost:3000/_next/static/chunks/node_modules_next_dist_4b2403f5._.js:2294
[   70945ms] [LOG] [Fast Refresh] done in 286ms @ http://localhost:3000/_next/static/chunks/node_modules_next_dist_4b2403f5._.js:2294
[   71110ms] [LOG] [Fast Refresh] rebuilding @ http://localhost:3000/_next/static/chunks/node_modules_next_dist_4b2403f5._.js:2294
[   71162ms] [LOG] [Fast Refresh] done in 164ms @ http://localhost:3000/_next/static/chunks/node_modules_next_dist_4b2403f5._.js:2294
[   71278ms] [LOG] [Fast Refresh] rebuilding @ http://localhost:3000/_next/static/chunks/node_modules_next_dist_4b2403f5._.js:2294
[   71332ms] [LOG] [Fast Refresh] done in 169ms @ http://localhost:3000/_next/static/chunks/node_modules_next_dist_4b2403f5._.js:2294
[   71466ms] [LOG] [Fast Refresh] rebuilding @ http://localhost:3000/_next/static/chunks/node_modules_next_dist_4b2403f5._.js:2294
[   71529ms] [LOG] [Fast Refresh] done in 165ms @ http://localhost:3000/_next/static/chunks/node_modules_next_dist_4b2403f5._.js:2294
[   71633ms] [LOG] [Fast Refresh] rebuilding @ http://localhost:3000/_next/static/chunks/node_modules_next_dist_4b2403f5._.js:2294
[   71693ms] [LOG] [Fast Refresh] done in 162ms @ http://localhost:3000/_next/static/chunks/node_modules_next_dist_4b2403f5._.js:2294
[   71850ms] [LOG] [Fast Refresh] rebuilding @ http://localhost:3000/_next/static/chunks/node_modules_next_dist_4b2403f5._.js:2294
[   71929ms] [LOG] [Fast Refresh] done in 182ms @ http://localhost:3000/_next/static/chunks/node_modules_next_dist_4b2403f5._.js:2294
[   72061ms] [LOG] [Fast Refresh] rebuilding @ http://localhost:3000/_next/static/chunks/node_modules_next_dist_4b2403f5._.js:2294
[   72130ms] [LOG] [Fast Refresh] done in 171ms @ http://localhost:3000/_next/static/chunks/node_modules_next_dist_4b2403f5._.js:2294
[   72242ms] [LOG] [Fast Refresh] rebuilding @ http://localhost:3000/_next/static/chunks/node_modules_next_dist_4b2403f5._.js:2294
[   72301ms] [LOG] [Fast Refresh] done in 171ms @ http://localhost:3000/_next/static/chunks/node_modules_next_dist_4b2403f5._.js:2294
[   72463ms] [LOG] [Fast Refresh] rebuilding @ http://localhost:3000/_next/static/chunks/node_modules_next_dist_4b2403f5._.js:2294
[   72630ms] [LOG] [Fast Refresh] done in 282ms @ http://localhost:3000/_next/static/chunks/node_modules_next_dist_4b2403f5._.js:2294
[   72743ms] [LOG] [Fast Refresh] rebuilding @ http://localhost:3000/_next/static/chunks/node_modules_next_dist_4b2403f5._.js:2294
[   72797ms] [LOG] [Fast Refresh] done in 165ms @ http://localhost:3000/_next/static/chunks/node_modules_next_dist_4b2403f5._.js:2294
[   72961ms] [LOG] [Fast Refresh] rebuilding @ http://localhost:3000/_next/static/chunks/node_modules_next_dist_4b2403f5._.js:2294
[   72995ms] [LOG] [Fast Refresh] done in 148ms @ http://localhost:3000/_next/static/chunks/node_modules_next_dist_4b2403f5._.js:2294
[   73111ms] [LOG] [Fast Refresh] rebuilding @ http://localhost:3000/_next/static/chunks/node_modules_next_dist_4b2403f5._.js:2294
[   73238ms] [LOG] [Fast Refresh] done in 242ms @ http://localhost:3000/_next/static/chunks/node_modules_next_dist_4b2403f5._.js:2294
[   73345ms] [LOG] [Fast Refresh] rebuilding @ http://localhost:3000/_next/static/chunks/node_modules_next_dist_4b2403f5._.js:2294
[   73398ms] [LOG] [Fast Refresh] done in 158ms @ http://localhost:3000/_next/static/chunks/node_modules_next_dist_4b2403f5._.js:2294
[   73563ms] [LOG] [Fast Refresh] rebuilding @ http://localhost:3000/_next/static/chunks/node_modules_next_dist_4b2403f5._.js:2294
[   73617ms] [LOG] [Fast Refresh] done in 167ms @ http://localhost:3000/_next/static/chunks/node_modules_next_dist_4b2403f5._.js:2294
[   73729ms] [LOG] [Fast Refresh] rebuilding @ http://localhost:3000/_next/static/chunks/node_modules_next_dist_4b2403f5._.js:2294
[   73783ms] [LOG] [Fast Refresh] done in 165ms @ http://localhost:3000/_next/static/chunks/node_modules_next_dist_4b2403f5._.js:2294
[   73896ms] [LOG] [Fast Refresh] rebuilding @ http://localhost:3000/_next/static/chunks/node_modules_next_dist_4b2403f5._.js:2294
[   73964ms] [LOG] [Fast Refresh] done in 180ms @ http://localhost:3000/_next/static/chunks/node_modules_next_dist_4b2403f5._.js:2294
[   74076ms] [LOG] [Fast Refresh] rebuilding @ http://localhost:3000/_next/static/chunks/node_modules_next_dist_4b2403f5._.js:2294
[   74130ms] [LOG] [Fast Refresh] done in 163ms @ http://localhost:3000/_next/static/chunks/node_modules_next_dist_4b2403f5._.js:2294
[   74292ms] [LOG] [Fast Refresh] rebuilding @ http://localhost:3000/_next/static/chunks/node_modules_next_dist_4b2403f5._.js:2294
[   74350ms] [LOG] [Fast Refresh] done in 159ms @ http://localhost:3000/_next/static/chunks/node_modules_next_dist_4b2403f5._.js:2294
[   74495ms] [LOG] [Fast Refresh] rebuilding @ http://localhost:3000/_next/static/chunks/node_modules_next_dist_4b2403f5._.js:2294
[   74665ms] [LOG] [Fast Refresh] done in 272ms @ http://localhost:3000/_next/static/chunks/node_modules_next_dist_4b2403f5._.js:2294
[   74776ms] [LOG] [Fast Refresh] rebuilding @ http://localhost:3000/_next/static/chunks/node_modules_next_dist_4b2403f5._.js:2294
[   74845ms] [LOG] [Fast Refresh] done in 178ms @ http://localhost:3000/_next/static/chunks/node_modules_next_dist_4b2403f5._.js:2294
[   74962ms] [LOG] [Fast Refresh] rebuilding @ http://localhost:3000/_next/static/chunks/node_modules_next_dist_4b2403f5._.js:2294
[   75029ms] [LOG] [Fast Refresh] done in 179ms @ http://localhost:3000/_next/static/chunks/node_modules_next_dist_4b2403f5._.js:2294
[   75142ms] [LOG] [Fast Refresh] rebuilding @ http://localhost:3000/_next/static/chunks/node_modules_next_dist_4b2403f5._.js:2294
[   75198ms] [LOG] [Fast Refresh] done in 167ms @ http://localhost:3000/_next/static/chunks/node_modules_next_dist_4b2403f5._.js:2294
[   75326ms] [LOG] [Fast Refresh] rebuilding @ http://localhost:3000/_next/static/chunks/node_modules_next_dist_4b2403f5._.js:2294
[   75685ms] [LOG] [Fast Refresh] done in 470ms @ http://localhost:3000/_next/static/chunks/node_modules_next_dist_4b2403f5._.js:2294
[   75796ms] [LOG] [Fast Refresh] rebuilding @ http://localhost:3000/_next/static/chunks/node_modules_next_dist_4b2403f5._.js:2294
[   75915ms] [LOG] [Fast Refresh] done in 229ms @ http://localhost:3000/_next/static/chunks/node_modules_next_dist_4b2403f5._.js:2294
[   76030ms] [LOG] [Fast Refresh] rebuilding @ http://localhost:3000/_next/static/chunks/node_modules_next_dist_4b2403f5._.js:2294
[   76047ms] [LOG] [Fast Refresh] done in 131ms @ http://localhost:3000/_next/static/chunks/node_modules_next_dist_4b2403f5._.js:2294
[   76209ms] [LOG] [Fast Refresh] rebuilding @ http://localhost:3000/_next/static/chunks/node_modules_next_dist_4b2403f5._.js:2294
[   76316ms] [LOG] [Fast Refresh] done in 218ms @ http://localhost:3000/_next/static/chunks/node_modules_next_dist_4b2403f5._.js:2294
[   76427ms] [LOG] [Fast Refresh] rebuilding @ http://localhost:3000/_next/static/chunks/node_modules_next_dist_4b2403f5._.js:2294
[   76446ms] [LOG] [Fast Refresh] done in 125ms @ http://localhost:3000/_next/static/chunks/node_modules_next_dist_4b2403f5._.js:2294
[   76643ms] [LOG] [Fast Refresh] rebuilding @ http://localhost:3000/_next/static/chunks/node_modules_next_dist_4b2403f5._.js:2294
[   76663ms] [LOG] [Fast Refresh] done in 134ms @ http://localhost:3000/_next/static/chunks/node_modules_next_dist_4b2403f5._.js:2294
[   76770ms] [LOG] [Fast Refresh] rebuilding @ http://localhost:3000/_next/static/chunks/node_modules_next_dist_4b2403f5._.js:2294
[   76770ms] [LOG] [Fast Refresh] done in 106ms @ http://localhost:3000/_next/static/chunks/node_modules_next_dist_4b2403f5._.js:2294
[   76945ms] [LOG] [Fast Refresh] rebuilding @ http://localhost:3000/_next/static/chunks/node_modules_next_dist_4b2403f5._.js:2294
[   76996ms] [LOG] [Fast Refresh] done in 158ms @ http://localhost:3000/_next/static/chunks/node_modules_next_dist_4b2403f5._.js:2294
[   77126ms] [LOG] [Fast Refresh] rebuilding @ http://localhost:3000/_next/static/chunks/node_modules_next_dist_4b2403f5._.js:2294
[   77143ms] [LOG] [Fast Refresh] done in 127ms @ http://localhost:3000/_next/static/chunks/node_modules_next_dist_4b2403f5._.js:2294
[   77331ms] [LOG] [Fast Refresh] rebuilding @ http://localhost:3000/_next/static/chunks/node_modules_next_dist_4b2403f5._.js:2294
[   77369ms] [LOG] [Fast Refresh] done in 154ms @ http://localhost:3000/_next/static/chunks/node_modules_next_dist_4b2403f5._.js:2294
[   77476ms] [LOG] [Fast Refresh] rebuilding @ http://localhost:3000/_next/static/chunks/node_modules_next_dist_4b2403f5._.js:2294
[   77497ms] [LOG] [Fast Refresh] done in 127ms @ http://localhost:3000/_next/static/chunks/node_modules_next_dist_4b2403f5._.js:2294
[   77660ms] [LOG] [Fast Refresh] rebuilding @ http://localhost:3000/_next/static/chunks/node_modules_next_dist_4b2403f5._.js:2294
[   77662ms] [LOG] [Fast Refresh] done in 113ms @ http://localhost:3000/_next/static/chunks/node_modules_next_dist_4b2403f5._.js:2294
[   77827ms] [LOG] [Fast Refresh] rebuilding @ http://localhost:3000/_next/static/chunks/node_modules_next_dist_4b2403f5._.js:2294
[   77901ms] [LOG] [Fast Refresh] done in 181ms @ http://localhost:3000/_next/static/chunks/node_modules_next_dist_4b2403f5._.js:2294
[   78014ms] [LOG] [Fast Refresh] rebuilding @ http://localhost:3000/_next/static/chunks/node_modules_next_dist_4b2403f5._.js:2294
[   78066ms] [LOG] [Fast Refresh] done in 164ms @ http://localhost:3000/_next/static/chunks/node_modules_next_dist_4b2403f5._.js:2294
[   78215ms] [LOG] [Fast Refresh] rebuilding @ http://localhost:3000/_next/static/chunks/node_modules_next_dist_4b2403f5._.js:2294
[   78267ms] [LOG] [Fast Refresh] done in 182ms @ http://localhost:3000/_next/static/chunks/node_modules_next_dist_4b2403f5._.js:2294
[   78378ms] [LOG] [Fast Refresh] rebuilding @ http://localhost:3000/_next/static/chunks/node_modules_next_dist_4b2403f5._.js:2294
[   78435ms] [LOG] [Fast Refresh] done in 162ms @ http://localhost:3000/_next/static/chunks/node_modules_next_dist_4b2403f5._.js:2294
[   78543ms] [LOG] [Fast Refresh] rebuilding @ http://localhost:3000/_next/static/chunks/node_modules_next_dist_4b2403f5._.js:2294
[   78596ms] [LOG] [Fast Refresh] done in 157ms @ http://localhost:3000/_next/static/chunks/node_modules_next_dist_4b2403f5._.js:2294
[   78730ms] [LOG] [Fast Refresh] rebuilding @ http://localhost:3000/_next/static/chunks/node_modules_next_dist_4b2403f5._.js:2294
[   78781ms] [LOG] [Fast Refresh] done in 163ms @ http://localhost:3000/_next/static/chunks/node_modules_next_dist_4b2403f5._.js:2294
[   78905ms] [LOG] [Fast Refresh] rebuilding @ http://localhost:3000/_next/static/chunks/node_modules_next_dist_4b2403f5._.js:2294
[   78966ms] [LOG] [Fast Refresh] done in 169ms @ http://localhost:3000/_next/static/chunks/node_modules_next_dist_4b2403f5._.js:2294
[   79139ms] [LOG] [Fast Refresh] rebuilding @ http://localhost:3000/_next/static/chunks/node_modules_next_dist_4b2403f5._.js:2294
[   79140ms] [LOG] [Fast Refresh] done in 112ms @ http://localhost:3000/_next/static/chunks/node_modules_next_dist_4b2403f5._.js:2294
[   79310ms] [LOG] [Fast Refresh] rebuilding @ http://localhost:3000/_next/static/chunks/node_modules_next_dist_4b2403f5._.js:2294
[   79328ms] [LOG] [Fast Refresh] done in 123ms @ http://localhost:3000/_next/static/chunks/node_modules_next_dist_4b2403f5._.js:2294
[   79491ms] [LOG] [Fast Refresh] rebuilding @ http://localhost:3000/_next/static/chunks/node_modules_next_dist_4b2403f5._.js:2294
[   79509ms] [LOG] [Fast Refresh] done in 125ms @ http://localhost:3000/_next/static/chunks/node_modules_next_dist_4b2403f5._.js:2294
[   79678ms] [LOG] [Fast Refresh] rebuilding @ http://localhost:3000/_next/static/chunks/node_modules_next_dist_4b2403f5._.js:2294
[   79679ms] [LOG] [Fast Refresh] done in 117ms @ http://localhost:3000/_next/static/chunks/node_modules_next_dist_4b2403f5._.js:2294
[   80006ms] [LOG] [Fast Refresh] rebuilding @ http://localhost:3000/_next/static/chunks/node_modules_next_dist_4b2403f5._.js:2294
[   80062ms] [LOG] [Fast Refresh] done in 167ms @ http://localhost:3000/_next/static/chunks/node_modules_next_dist_4b2403f5._.js:2294
[   80342ms] [LOG] [Fast Refresh] rebuilding @ http://localhost:3000/_next/static/chunks/node_modules_next_dist_4b2403f5._.js:2294
[   80362ms] [LOG] [Fast Refresh] done in 133ms @ http://localhost:3000/_next/static/chunks/node_modules_next_dist_4b2403f5._.js:2294
[   80643ms] [LOG] [Fast Refresh] rebuilding @ http://localhost:3000/_next/static/chunks/node_modules_next_dist_4b2403f5._.js:2294
[   80659ms] [LOG] [Fast Refresh] done in 129ms @ http://localhost:3000/_next/static/chunks/node_modules_next_dist_4b2403f5._.js:2294
[   80947ms] [LOG] [Fast Refresh] rebuilding @ http://localhost:3000/_next/static/chunks/node_modules_next_dist_4b2403f5._.js:2294
[   80961ms] [LOG] [Fast Refresh] done in 129ms @ http://localhost:3000/_next/static/chunks/node_modules_next_dist_4b2403f5._.js:2294
[   81244ms] [LOG] [Fast Refresh] rebuilding @ http://localhost:3000/_next/static/chunks/node_modules_next_dist_4b2403f5._.js:2294
[   81260ms] [LOG] [Fast Refresh] done in 133ms @ http://localhost:3000/_next/static/chunks/node_modules_next_dist_4b2403f5._.js:2294
[   81533ms] [LOG] [Fast Refresh] rebuilding @ http://localhost:3000/_next/static/chunks/node_modules_next_dist_4b2403f5._.js:2294
[   81594ms] [LOG] [Fast Refresh] done in 163ms @ http://localhost:3000/_next/static/chunks/node_modules_next_dist_4b2403f5._.js:2294
[   81848ms] [LOG] [Fast Refresh] rebuilding @ http://localhost:3000/_next/static/chunks/node_modules_next_dist_4b2403f5._.js:2294
[   81987ms] [LOG] [Fast Refresh] done in 252ms @ http://localhost:3000/_next/static/chunks/node_modules_next_dist_4b2403f5._.js:2294
[   82712ms] [LOG] [Fast Refresh] rebuilding @ http://localhost:3000/_next/static/chunks/node_modules_next_dist_4b2403f5._.js:2294
[   82792ms] [LOG] [Fast Refresh] done in 213ms @ http://localhost:3000/_next/static/chunks/node_modules_next_dist_4b2403f5._.js:2294
[   83104ms] [LOG] [Fast Refresh] rebuilding @ http://localhost:3000/_next/static/chunks/node_modules_next_dist_4b2403f5._.js:2294
[   83211ms] [LOG] [Fast Refresh] done in 232ms @ http://localhost:3000/_next/static/chunks/node_modules_next_dist_4b2403f5._.js:2294
[   83464ms] [LOG] [Fast Refresh] rebuilding @ http://localhost:3000/_next/static/chunks/node_modules_next_dist_4b2403f5._.js:2294
[   83520ms] [LOG] [Fast Refresh] done in 159ms @ http://localhost:3000/_next/static/chunks/node_modules_next_dist_4b2403f5._.js:2294
[   83650ms] [LOG] [Fast Refresh] rebuilding @ http://localhost:3000/_next/static/chunks/node_modules_next_dist_4b2403f5._.js:2294
[   83688ms] [LOG] [Fast Refresh] done in 150ms @ http://localhost:3000/_next/static/chunks/node_modules_next_dist_4b2403f5._.js:2294
[   83804ms] [LOG] [Fast Refresh] rebuilding @ http://localhost:3000/_next/static/chunks/node_modules_next_dist_4b2403f5._.js:2294
[   83832ms] [LOG] [Fast Refresh] done in 141ms @ http://localhost:3000/_next/static/chunks/node_modules_next_dist_4b2403f5._.js:2294
[   83946ms] [LOG] [Fast Refresh] rebuilding @ http://localhost:3000/_next/static/chunks/node_modules_next_dist_4b2403f5._.js:2294
[   83954ms] [LOG] [Fast Refresh] done in 117ms @ http://localhost:3000/_next/static/chunks/node_modules_next_dist_4b2403f5._.js:2294
[   84139ms] [LOG] [Fast Refresh] rebuilding @ http://localhost:3000/_next/static/chunks/node_modules_next_dist_4b2403f5._.js:2294
[   84185ms] [LOG] [Fast Refresh] done in 165ms @ http://localhost:3000/_next/static/chunks/node_modules_next_dist_4b2403f5._.js:2294
[   84362ms] [LOG] [Fast Refresh] rebuilding @ http://localhost:3000/_next/static/chunks/node_modules_next_dist_4b2403f5._.js:2294
[   84389ms] [LOG] [Fast Refresh] done in 132ms @ http://localhost:3000/_next/static/chunks/node_modules_next_dist_4b2403f5._.js:2294
[   84544ms] [LOG] [Fast Refresh] rebuilding @ http://localhost:3000/_next/static/chunks/node_modules_next_dist_4b2403f5._.js:2294
[   84614ms] [LOG] [Fast Refresh] done in 174ms @ http://localhost:3000/_next/static/chunks/node_modules_next_dist_4b2403f5._.js:2294
[   84721ms] [LOG] [Fast Refresh] rebuilding @ http://localhost:3000/_next/static/chunks/node_modules_next_dist_4b2403f5._.js:2294
[   84777ms] [LOG] [Fast Refresh] done in 156ms @ http://localhost:3000/_next/static/chunks/node_modules_next_dist_4b2403f5._.js:2294
[   84943ms] [LOG] [Fast Refresh] rebuilding @ http://localhost:3000/_next/static/chunks/node_modules_next_dist_4b2403f5._.js:2294
[   85013ms] [LOG] [Fast Refresh] done in 179ms @ http://localhost:3000/_next/static/chunks/node_modules_next_dist_4b2403f5._.js:2294
[   85129ms] [LOG] [Fast Refresh] rebuilding @ http://localhost:3000/_next/static/chunks/node_modules_next_dist_4b2403f5._.js:2294
[   85220ms] [LOG] [Fast Refresh] done in 195ms @ http://localhost:3000/_next/static/chunks/node_modules_next_dist_4b2403f5._.js:2294
[   85372ms] [LOG] [Fast Refresh] rebuilding @ http://localhost:3000/_next/static/chunks/node_modules_next_dist_4b2403f5._.js:2294
[   85425ms] [LOG] [Fast Refresh] done in 169ms @ http://localhost:3000/_next/static/chunks/node_modules_next_dist_4b2403f5._.js:2294
[   85542ms] [LOG] [Fast Refresh] rebuilding @ http://localhost:3000/_next/static/chunks/node_modules_next_dist_4b2403f5._.js:2294
[   85561ms] [LOG] [Fast Refresh] done in 119ms @ http://localhost:3000/_next/static/chunks/node_modules_next_dist_4b2403f5._.js:2294
[   85895ms] [LOG] [Fast Refresh] rebuilding @ http://localhost:3000/_next/static/chunks/node_modules_next_dist_4b2403f5._.js:2294
[   85981ms] [LOG] [Fast Refresh] done in 188ms @ http://localhost:3000/_next/static/chunks/node_modules_next_dist_4b2403f5._.js:2294
[   86169ms] [LOG] [Fast Refresh] rebuilding @ http://localhost:3000/_next/static/chunks/node_modules_next_dist_4b2403f5._.js:2294
[   86228ms] [LOG] [Fast Refresh] done in 168ms @ http://localhost:3000/_next/static/chunks/node_modules_next_dist_4b2403f5._.js:2294
[   86443ms] [LOG] [Fast Refresh] rebuilding @ http://localhost:3000/_next/static/chunks/node_modules_next_dist_4b2403f5._.js:2294
[   86496ms] [LOG] [Fast Refresh] done in 157ms @ http://localhost:3000/_next/static/chunks/node_modules_next_dist_4b2403f5._.js:2294
[   86775ms] [LOG] [Fast Refresh] rebuilding @ http://localhost:3000/_next/static/chunks/node_modules_next_dist_4b2403f5._.js:2294
[   86839ms] [LOG] [Fast Refresh] done in 175ms @ http://localhost:3000/_next/static/chunks/node_modules_next_dist_4b2403f5._.js:2294
[   87065ms] [LOG] [Fast Refresh] rebuilding @ http://localhost:3000/_next/static/chunks/node_modules_next_dist_4b2403f5._.js:2294
[   87114ms] [LOG] [Fast Refresh] done in 157ms @ http://localhost:3000/_next/static/chunks/node_modules_next_dist_4b2403f5._.js:2294
[   87391ms] [LOG] [Fast Refresh] rebuilding @ http://localhost:3000/_next/static/chunks/node_modules_next_dist_4b2403f5._.js:2294
[   87445ms] [LOG] [Fast Refresh] done in 167ms @ http://localhost:3000/_next/static/chunks/node_modules_next_dist_4b2403f5._.js:2294
[   87707ms] [LOG] [Fast Refresh] rebuilding @ http://localhost:3000/_next/static/chunks/node_modules_next_dist_4b2403f5._.js:2294
[   87760ms] [LOG] [Fast Refresh] done in 153ms @ http://localhost:3000/_next/static/chunks/node_modules_next_dist_4b2403f5._.js:2294
[   87991ms] [LOG] [Fast Refresh] rebuilding @ http://localhost:3000/_next/static/chunks/node_modules_next_dist_4b2403f5._.js:2294
[   88058ms] [LOG] [Fast Refresh] done in 180ms @ http://localhost:3000/_next/static/chunks/node_modules_next_dist_4b2403f5._.js:2294
[   88310ms] [LOG] [Fast Refresh] rebuilding @ http://localhost:3000/_next/static/chunks/node_modules_next_dist_4b2403f5._.js:2294
[   88320ms] [LOG] [Fast Refresh] done in 110ms @ http://localhost:3000/_next/static/chunks/node_modules_next_dist_4b2403f5._.js:2294
[   88644ms] [LOG] [Fast Refresh] rebuilding @ http://localhost:3000/_next/static/chunks/node_modules_next_dist_4b2403f5._.js:2294
[   88724ms] [LOG] [Fast Refresh] done in 217ms @ http://localhost:3000/_next/static/chunks/node_modules_next_dist_4b2403f5._.js:2294
[   88919ms] [LOG] [Fast Refresh] rebuilding @ http://localhost:3000/_next/static/chunks/node_modules_next_dist_4b2403f5._.js:2294
[   89027ms] [LOG] [Fast Refresh] done in 223ms @ http://localhost:3000/_next/static/chunks/node_modules_next_dist_4b2403f5._.js:2294
[   90783ms] [LOG] [Fast Refresh] rebuilding @ http://localhost:3000/_next/static/chunks/node_modules_next_dist_4b2403f5._.js:2294
[   90853ms] [LOG] [Fast Refresh] done in 220ms @ http://localhost:3000/_next/static/chunks/node_modules_next_dist_4b2403f5._.js:2294
[   90965ms] [LOG] [Fast Refresh] rebuilding @ http://localhost:3000/_next/static/chunks/node_modules_next_dist_4b2403f5._.js:2294
[   91034ms] [LOG] [Fast Refresh] done in 176ms @ http://localhost:3000/_next/static/chunks/node_modules_next_dist_4b2403f5._.js:2294
[   91158ms] [LOG] [Fast Refresh] rebuilding @ http://localhost:3000/_next/static/chunks/node_modules_next_dist_4b2403f5._.js:2294
[   91295ms] [LOG] [Fast Refresh] done in 245ms @ http://localhost:3000/_next/static/chunks/node_modules_next_dist_4b2403f5._.js:2294
[   91500ms] [LOG] [Fast Refresh] rebuilding @ http://localhost:3000/_next/static/chunks/node_modules_next_dist_4b2403f5._.js:2294
[   91547ms] [LOG] [Fast Refresh] done in 161ms @ http://localhost:3000/_next/static/chunks/node_modules_next_dist_4b2403f5._.js:2294
[   91660ms] [LOG] [Fast Refresh] rebuilding @ http://localhost:3000/_next/static/chunks/node_modules_next_dist_4b2403f5._.js:2294
[   91738ms] [LOG] [Fast Refresh] done in 186ms @ http://localhost:3000/_next/static/chunks/node_modules_next_dist_4b2403f5._.js:2294
[   91934ms] [LOG] [Fast Refresh] rebuilding @ http://localhost:3000/_next/static/chunks/node_modules_next_dist_4b2403f5._.js:2294
[   91935ms] [LOG] [Fast Refresh] done in 105ms @ http://localhost:3000/_next/static/chunks/node_modules_next_dist_4b2403f5._.js:2294
[   92111ms] [LOG] [Fast Refresh] rebuilding @ http://localhost:3000/_next/static/chunks/node_modules_next_dist_4b2403f5._.js:2294
[   92197ms] [LOG] [Fast Refresh] done in 187ms @ http://localhost:3000/_next/static/chunks/node_modules_next_dist_4b2403f5._.js:2294
[   94154ms] [LOG] [Fast Refresh] rebuilding @ http://localhost:3000/_next/static/chunks/node_modules_next_dist_4b2403f5._.js:2294
[   94370ms] [LOG] [Fast Refresh] done in 336ms @ http://localhost:3000/_next/static/chunks/node_modules_next_dist_4b2403f5._.js:2294
[   94560ms] [LOG] [Fast Refresh] rebuilding @ http://localhost:3000/_next/static/chunks/node_modules_next_dist_4b2403f5._.js:2294
[   94620ms] [LOG] [Fast Refresh] done in 164ms @ http://localhost:3000/_next/static/chunks/node_modules_next_dist_4b2403f5._.js:2294
[   94741ms] [LOG] [Fast Refresh] rebuilding @ http://localhost:3000/_next/static/chunks/node_modules_next_dist_4b2403f5._.js:2294
[   94805ms] [LOG] [Fast Refresh] done in 173ms @ http://localhost:3000/_next/static/chunks/node_modules_next_dist_4b2403f5._.js:2294
[   94971ms] [LOG] [Fast Refresh] rebuilding @ http://localhost:3000/_next/static/chunks/node_modules_next_dist_4b2403f5._.js:2294
[   95075ms] [LOG] [Fast Refresh] done in 266ms @ http://localhost:3000/_next/static/chunks/node_modules_next_dist_4b2403f5._.js:2294
[   95191ms] [LOG] [Fast Refresh] rebuilding @ http://localhost:3000/_next/static/chunks/node_modules_next_dist_4b2403f5._.js:2294
[   95244ms] [LOG] [Fast Refresh] done in 167ms @ http://localhost:3000/_next/static/chunks/node_modules_next_dist_4b2403f5._.js:2294
[   95441ms] [LOG] [Fast Refresh] rebuilding @ http://localhost:3000/_next/static/chunks/node_modules_next_dist_4b2403f5._.js:2294
[   95495ms] [LOG] [Fast Refresh] done in 162ms @ http://localhost:3000/_next/static/chunks/node_modules_next_dist_4b2403f5._.js:2294
[   95608ms] [LOG] [Fast Refresh] rebuilding @ http://localhost:3000/_next/static/chunks/node_modules_next_dist_4b2403f5._.js:2294
[   95668ms] [LOG] [Fast Refresh] done in 173ms @ http://localhost:3000/_next/static/chunks/node_modules_next_dist_4b2403f5._.js:2294
[   95776ms] [LOG] [Fast Refresh] rebuilding @ http://localhost:3000/_next/static/chunks/node_modules_next_dist_4b2403f5._.js:2294
[   95831ms] [LOG] [Fast Refresh] done in 159ms @ http://localhost:3000/_next/static/chunks/node_modules_next_dist_4b2403f5._.js:2294
[   95940ms] [LOG] [Fast Refresh] rebuilding @ http://localhost:3000/_next/static/chunks/node_modules_next_dist_4b2403f5._.js:2294
[   95993ms] [LOG] [Fast Refresh] done in 159ms @ http://localhost:3000/_next/static/chunks/node_modules_next_dist_4b2403f5._.js:2294
[   96409ms] [LOG] [Fast Refresh] rebuilding @ http://localhost:3000/_next/static/chunks/node_modules_next_dist_4b2403f5._.js:2294
[   96461ms] [LOG] [Fast Refresh] done in 154ms @ http://localhost:3000/_next/static/chunks/node_modules_next_dist_4b2403f5._.js:2294
[   96742ms] [LOG] [Fast Refresh] rebuilding @ http://localhost:3000/_next/static/chunks/node_modules_next_dist_4b2403f5._.js:2294
[   96793ms] [LOG] [Fast Refresh] done in 159ms @ http://localhost:3000/_next/static/chunks/node_modules_next_dist_4b2403f5._.js:2294
[   97090ms] [LOG] [Fast Refresh] rebuilding @ http://localhost:3000/_next/static/chunks/node_modules_next_dist_4b2403f5._.js:2294
[   97142ms] [LOG] [Fast Refresh] done in 169ms @ http://localhost:3000/_next/static/chunks/node_modules_next_dist_4b2403f5._.js:2294
[   97426ms] [LOG] [Fast Refresh] rebuilding @ http://localhost:3000/_next/static/chunks/node_modules_next_dist_4b2403f5._.js:2294
[   97445ms] [LOG] [Fast Refresh] done in 133ms @ http://localhost:3000/_next/static/chunks/node_modules_next_dist_4b2403f5._.js:2294
[   97723ms] [LOG] [Fast Refresh] rebuilding @ http://localhost:3000/_next/static/chunks/node_modules_next_dist_4b2403f5._.js:2294
[   97777ms] [LOG] [Fast Refresh] done in 165ms @ http://localhost:3000/_next/static/chunks/node_modules_next_dist_4b2403f5._.js:2294
[   97980ms] [LOG] [Fast Refresh] rebuilding @ http://localhost:3000/_next/static/chunks/node_modules_next_dist_4b2403f5._.js:2294
[   98043ms] [LOG] [Fast Refresh] done in 166ms @ http://localhost:3000/_next/static/chunks/node_modules_next_dist_4b2403f5._.js:2294
[   98260ms] [LOG] [Fast Refresh] rebuilding @ http://localhost:3000/_next/static/chunks/node_modules_next_dist_4b2403f5._.js:2294
[   98313ms] [LOG] [Fast Refresh] done in 169ms @ http://localhost:3000/_next/static/chunks/node_modules_next_dist_4b2403f5._.js:2294
[   98534ms] [LOG] [Fast Refresh] rebuilding @ http://localhost:3000/_next/static/chunks/node_modules_next_dist_4b2403f5._.js:2294
[   98598ms] [LOG] [Fast Refresh] done in 178ms @ http://localhost:3000/_next/static/chunks/node_modules_next_dist_4b2403f5._.js:2294
[   98819ms] [LOG] [Fast Refresh] rebuilding @ http://localhost:3000/_next/static/chunks/node_modules_next_dist_4b2403f5._.js:2294
[   98871ms] [LOG] [Fast Refresh] done in 165ms @ http://localhost:3000/_next/static/chunks/node_modules_next_dist_4b2403f5._.js:2294
[   99159ms] [LOG] [Fast Refresh] rebuilding @ http://localhost:3000/_next/static/chunks/node_modules_next_dist_4b2403f5._.js:2294
[   99166ms] [LOG] [Fast Refresh] done in 133ms @ http://localhost:3000/_next/static/chunks/node_modules_next_dist_4b2403f5._.js:2294
[   99444ms] [LOG] [Fast Refresh] rebuilding @ http://localhost:3000/_next/static/chunks/node_modules_next_dist_4b2403f5._.js:2294
[   99510ms] [LOG] [Fast Refresh] done in 179ms @ http://localhost:3000/_next/static/chunks/node_modules_next_dist_4b2403f5._.js:2294
[   99723ms] [LOG] [Fast Refresh] rebuilding @ http://localhost:3000/_next/static/chunks/node_modules_next_dist_4b2403f5._.js:2294
[   99790ms] [LOG] [Fast Refresh] done in 180ms @ http://localhost:3000/_next/static/chunks/node_modules_next_dist_4b2403f5._.js:2294
[   99989ms] [LOG] [Fast Refresh] rebuilding @ http://localhost:3000/_next/static/chunks/node_modules_next_dist_4b2403f5._.js:2294
[  100059ms] [LOG] [Fast Refresh] done in 173ms @ http://localhost:3000/_next/static/chunks/node_modules_next_dist_4b2403f5._.js:2294
[  100267ms] [LOG] [Fast Refresh] rebuilding @ http://localhost:3000/_next/static/chunks/node_modules_next_dist_4b2403f5._.js:2294
[  100409ms] [LOG] [Fast Refresh] done in 248ms @ http://localhost:3000/_next/static/chunks/node_modules_next_dist_4b2403f5._.js:2294
[  100539ms] [LOG] [Fast Refresh] rebuilding @ http://localhost:3000/_next/static/chunks/node_modules_next_dist_4b2403f5._.js:2294
[  100591ms] [LOG] [Fast Refresh] done in 165ms @ http://localhost:3000/_next/static/chunks/node_modules_next_dist_4b2403f5._.js:2294
[  100705ms] [LOG] [Fast Refresh] rebuilding @ http://localhost:3000/_next/static/chunks/node_modules_next_dist_4b2403f5._.js:2294
[  100761ms] [LOG] [Fast Refresh] done in 161ms @ http://localhost:3000/_next/static/chunks/node_modules_next_dist_4b2403f5._.js:2294
[  101074ms] [LOG] [Fast Refresh] rebuilding @ http://localhost:3000/_next/static/chunks/node_modules_next_dist_4b2403f5._.js:2294
[  101125ms] [LOG] [Fast Refresh] done in 164ms @ http://localhost:3000/_next/static/chunks/node_modules_next_dist_4b2403f5._.js:2294
[  101407ms] [LOG] [Fast Refresh] rebuilding @ http://localhost:3000/_next/static/chunks/node_modules_next_dist_4b2403f5._.js:2294
[  101477ms] [LOG] [Fast Refresh] done in 183ms @ http://localhost:3000/_next/static/chunks/node_modules_next_dist_4b2403f5._.js:2294
[  101674ms] [LOG] [Fast Refresh] rebuilding @ http://localhost:3000/_next/static/chunks/node_modules_next_dist_4b2403f5._.js:2294
[  101728ms] [LOG] [Fast Refresh] done in 158ms @ http://localhost:3000/_next/static/chunks/node_modules_next_dist_4b2403f5._.js:2294
[  102002ms] [LOG] [Fast Refresh] rebuilding @ http://localhost:3000/_next/static/chunks/node_modules_next_dist_4b2403f5._.js:2294
[  102022ms] [LOG] [Fast Refresh] done in 128ms @ http://localhost:3000/_next/static/chunks/node_modules_next_dist_4b2403f5._.js:2294
[  102280ms] [LOG] [Fast Refresh] rebuilding @ http://localhost:3000/_next/static/chunks/node_modules_next_dist_4b2403f5._.js:2294
[  102341ms] [LOG] [Fast Refresh] done in 163ms @ http://localhost:3000/_next/static/chunks/node_modules_next_dist_4b2403f5._.js:2294
[  102559ms] [LOG] [Fast Refresh] rebuilding @ http://localhost:3000/_next/static/chunks/node_modules_next_dist_4b2403f5._.js:2294
[  102625ms] [LOG] [Fast Refresh] done in 174ms @ http://localhost:3000/_next/static/chunks/node_modules_next_dist_4b2403f5._.js:2294
[  102826ms] [LOG] [Fast Refresh] rebuilding @ http://localhost:3000/_next/static/chunks/node_modules_next_dist_4b2403f5._.js:2294
[  102883ms] [LOG] [Fast Refresh] done in 162ms @ http://localhost:3000/_next/static/chunks/node_modules_next_dist_4b2403f5._.js:2294
[  103090ms] [LOG] [Fast Refresh] rebuilding @ http://localhost:3000/_next/static/chunks/node_modules_next_dist_4b2403f5._.js:2294
[  103144ms] [LOG] [Fast Refresh] done in 167ms @ http://localhost:3000/_next/static/chunks/node_modules_next_dist_4b2403f5._.js:2294
[  103414ms] [LOG] [Fast Refresh] rebuilding @ http://localhost:3000/_next/static/chunks/node_modules_next_dist_4b2403f5._.js:2294
[  103466ms] [LOG] [Fast Refresh] done in 157ms @ http://localhost:3000/_next/static/chunks/node_modules_next_dist_4b2403f5._.js:2294
[  103746ms] [LOG] [Fast Refresh] rebuilding @ http://localhost:3000/_next/static/chunks/node_modules_next_dist_4b2403f5._.js:2294
[  103766ms] [LOG] [Fast Refresh] done in 130ms @ http://localhost:3000/_next/static/chunks/node_modules_next_dist_4b2403f5._.js:2294
[  104026ms] [LOG] [Fast Refresh] rebuilding @ http://localhost:3000/_next/static/chunks/node_modules_next_dist_4b2403f5._.js:2294
[  104083ms] [LOG] [Fast Refresh] done in 160ms @ http://localhost:3000/_next/static/chunks/node_modules_next_dist_4b2403f5._.js:2294
[  104291ms] [LOG] [Fast Refresh] rebuilding @ http://localhost:3000/_next/static/chunks/node_modules_next_dist_4b2403f5._.js:2294
[  104351ms] [LOG] [Fast Refresh] done in 173ms @ http://localhost:3000/_next/static/chunks/node_modules_next_dist_4b2403f5._.js:2294
[  104559ms] [LOG] [Fast Refresh] rebuilding @ http://localhost:3000/_next/static/chunks/node_modules_next_dist_4b2403f5._.js:2294
[  104609ms] [LOG] [Fast Refresh] done in 165ms @ http://localhost:3000/_next/static/chunks/node_modules_next_dist_4b2403f5._.js:2294
[  104887ms] [LOG] [Fast Refresh] rebuilding @ http://localhost:3000/_next/static/chunks/node_modules_next_dist_4b2403f5._.js:2294
[  104943ms] [LOG] [Fast Refresh] done in 166ms @ http://localhost:3000/_next/static/chunks/node_modules_next_dist_4b2403f5._.js:2294
[  105157ms] [LOG] [Fast Refresh] rebuilding @ http://localhost:3000/_next/static/chunks/node_modules_next_dist_4b2403f5._.js:2294
[  105209ms] [LOG] [Fast Refresh] done in 165ms @ http://localhost:3000/_next/static/chunks/node_modules_next_dist_4b2403f5._.js:2294
[  105490ms] [LOG] [Fast Refresh] rebuilding @ http://localhost:3000/_next/static/chunks/node_modules_next_dist_4b2403f5._.js:2294
[  105541ms] [LOG] [Fast Refresh] done in 162ms @ http://localhost:3000/_next/static/chunks/node_modules_next_dist_4b2403f5._.js:2294
[  105757ms] [LOG] [Fast Refresh] rebuilding @ http://localhost:3000/_next/static/chunks/node_modules_next_dist_4b2403f5._.js:2294
[  105758ms] [LOG] [Fast Refresh] done in 114ms @ http://localhost:3000/_next/static/chunks/node_modules_next_dist_4b2403f5._.js:2294
[  106041ms] [LOG] [Fast Refresh] rebuilding @ http://localhost:3000/_next/static/chunks/node_modules_next_dist_4b2403f5._.js:2294
[  106042ms] [LOG] [Fast Refresh] done in 115ms @ http://localhost:3000/_next/static/chunks/node_modules_next_dist_4b2403f5._.js:2294
[  112302ms] [LOG] [Fast Refresh] rebuilding @ http://localhost:3000/_next/static/chunks/node_modules_next_dist_4b2403f5._.js:2294
[  112853ms] [LOG] [Fast Refresh] done in 605ms @ http://localhost:3000/_next/static/chunks/node_modules_next_dist_4b2403f5._.js:2294
[  114365ms] [LOG] [Fast Refresh] rebuilding @ http://localhost:3000/_next/static/chunks/node_modules_next_dist_4b2403f5._.js:2294
[  114430ms] [LOG] [Fast Refresh] done in 150ms @ http://localhost:3000/_next/static/chunks/node_modules_next_dist_4b2403f5._.js:2294
[  119433ms] [LOG] [Fast Refresh] rebuilding @ http://localhost:3000/_next/static/chunks/node_modules_next_dist_4b2403f5._.js:2294
[  119514ms] [LOG] [Fast Refresh] done in 164ms @ http://localhost:3000/_next/static/chunks/node_modules_next_dist_4b2403f5._.js:2294
[  125181ms] [LOG] [Fast Refresh] rebuilding @ http://localhost:3000/_next/static/chunks/node_modules_next_dist_4b2403f5._.js:2294
[  125228ms] [LOG] [Fast Refresh] done in 65ms @ http://localhost:3000/_next/static/chunks/node_modules_next_dist_4b2403f5._.js:2294
[  130197ms] [LOG] [Fast Refresh] rebuilding @ http://localhost:3000/_next/static/chunks/node_modules_next_dist_4b2403f5._.js:2294
[  130304ms] [LOG] [Fast Refresh] done in 188ms @ http://localhost:3000/_next/static/chunks/node_modules_next_dist_4b2403f5._.js:2294
[  136381ms] [LOG] [Fast Refresh] rebuilding @ http://localhost:3000/_next/static/chunks/node_modules_next_dist_4b2403f5._.js:2294
[  136506ms] [LOG] [Fast Refresh] done in 108ms @ http://localhost:3000/_next/static/chunks/node_modules_next_dist_4b2403f5._.js:2294
[  137551ms] [LOG] [Fast Refresh] rebuilding @ http://localhost:3000/_next/static/chunks/node_modules_next_dist_4b2403f5._.js:2294
[  137697ms] [LOG] [Fast Refresh] done in 84ms @ http://localhost:3000/_next/static/chunks/node_modules_next_dist_4b2403f5._.js:2294
[  138637ms] [LOG] [Fast Refresh] rebuilding @ http://localhost:3000/_next/static/chunks/node_modules_next_dist_4b2403f5._.js:2294
[  138666ms] [LOG] [Fast Refresh] done in 41ms @ http://localhost:3000/_next/static/chunks/node_modules_next_dist_4b2403f5._.js:2294
[  140022ms] [LOG] [Fast Refresh] rebuilding @ http://localhost:3000/_next/static/chunks/node_modules_next_dist_4b2403f5._.js:2294
[  140052ms] [LOG] [Fast Refresh] done in 116ms @ http://localhost:3000/_next/static/chunks/node_modules_next_dist_4b2403f5._.js:2294
[  141344ms] [LOG] [Fast Refresh] rebuilding @ http://localhost:3000/_next/static/chunks/node_modules_next_dist_4b2403f5._.js:2294
[  141423ms] [LOG] [Fast Refresh] done in 132ms @ http://localhost:3000/_next/static/chunks/node_modules_next_dist_4b2403f5._.js:2294
[  143429ms] [LOG] [Fast Refresh] rebuilding @ http://localhost:3000/_next/static/chunks/node_modules_next_dist_4b2403f5._.js:2294
[  143448ms] [LOG] [Fast Refresh] done in 105ms @ http://localhost:3000/_next/static/chunks/node_modules_next_dist_4b2403f5._.js:2294
[  144969ms] [LOG] [Fast Refresh] rebuilding @ http://localhost:3000/_next/static/chunks/node_modules_next_dist_4b2403f5._.js:2294
[  145004ms] [LOG] [Fast Refresh] done in 136ms @ http://localhost:3000/_next/static/chunks/node_modules_next_dist_4b2403f5._.js:2294
[  146278ms] [LOG] [Fast Refresh] rebuilding @ http://localhost:3000/_next/static/chunks/node_modules_next_dist_4b2403f5._.js:2294
[  146339ms] [LOG] [Fast Refresh] done in 101ms @ http://localhost:3000/_next/static/chunks/node_modules_next_dist_4b2403f5._.js:2294
[  147418ms] [LOG] [Fast Refresh] rebuilding @ http://localhost:3000/_next/static/chunks/node_modules_next_dist_4b2403f5._.js:2294
[  147456ms] [LOG] [Fast Refresh] done in 97ms @ http://localhost:3000/_next/static/chunks/node_modules_next_dist_4b2403f5._.js:2294
[  148715ms] [LOG] [Fast Refresh] rebuilding @ http://localhost:3000/_next/static/chunks/node_modules_next_dist_4b2403f5._.js:2294
[  148770ms] [LOG] [Fast Refresh] done in 135ms @ http://localhost:3000/_next/static/chunks/node_modules_next_dist_4b2403f5._.js:2294
[  150078ms] [LOG] [Fast Refresh] rebuilding @ http://localhost:3000/_next/static/chunks/node_modules_next_dist_4b2403f5._.js:2294
[  150115ms] [LOG] [Fast Refresh] done in 104ms @ http://localhost:3000/_next/static/chunks/node_modules_next_dist_4b2403f5._.js:2294
[  151549ms] [LOG] [Fast Refresh] rebuilding @ http://localhost:3000/_next/static/chunks/node_modules_next_dist_4b2403f5._.js:2294
[  151596ms] [LOG] [Fast Refresh] done in 103ms @ http://localhost:3000/_next/static/chunks/node_modules_next_dist_4b2403f5._.js:2294
[  152601ms] [LOG] [Fast Refresh] rebuilding @ http://localhost:3000/_next/static/chunks/node_modules_next_dist_4b2403f5._.js:2294
[  152628ms] [LOG] [Fast Refresh] done in 90ms @ http://localhost:3000/_next/static/chunks/node_modules_next_dist_4b2403f5._.js:2294
[  160951ms] [LOG] [Fast Refresh] rebuilding @ http://localhost:3000/_next/static/chunks/node_modules_next_dist_4b2403f5._.js:2294
[  160989ms] [LOG] [Fast Refresh] done in 75ms @ http://localhost:3000/_next/static/chunks/node_modules_next_dist_4b2403f5._.js:2294
[  165908ms] [LOG] [Fast Refresh] rebuilding @ http://localhost:3000/_next/static/chunks/node_modules_next_dist_4b2403f5._.js:2294
[  165958ms] [LOG] [Fast Refresh] done in 84ms @ http://localhost:3000/_next/static/chunks/node_modules_next_dist_4b2403f5._.js:2294
[  167773ms] [LOG] [Fast Refresh] rebuilding @ http://localhost:3000/_next/static/chunks/node_modules_next_dist_4b2403f5._.js:2294
[  167820ms] [LOG] [Fast Refresh] done in 64ms @ http://localhost:3000/_next/static/chunks/node_modules_next_dist_4b2403f5._.js:2294
[  169129ms] [LOG] [Fast Refresh] rebuilding @ http://localhost:3000/_next/static/chunks/node_modules_next_dist_4b2403f5._.js:2294
[  169178ms] [LOG] [Fast Refresh] done in 73ms @ http://localhost:3000/_next/static/chunks/node_modules_next_dist_4b2403f5._.js:2294
[  170446ms] [LOG] [Fast Refresh] rebuilding @ http://localhost:3000/_next/static/chunks/node_modules_next_dist_4b2403f5._.js:2294
[  170496ms] [LOG] [Fast Refresh] done in 64ms @ http://localhost:3000/_next/static/chunks/node_modules_next_dist_4b2403f5._.js:2294
[  171476ms] [LOG] [Fast Refresh] rebuilding @ http://localhost:3000/_next/static/chunks/node_modules_next_dist_4b2403f5._.js:2294
[  171532ms] [LOG] [Fast Refresh] done in 50ms @ http://localhost:3000/_next/static/chunks/node_modules_next_dist_4b2403f5._.js:2294
[  179130ms] [LOG] [Fast Refresh] rebuilding @ http://localhost:3000/_next/static/chunks/node_modules_next_dist_4b2403f5._.js:2294
[  179199ms] [LOG] [Fast Refresh] done in 156ms @ http://localhost:3000/_next/static/chunks/node_modules_next_dist_4b2403f5._.js:2294
[  180236ms] [LOG] [Fast Refresh] rebuilding @ http://localhost:3000/_next/static/chunks/node_modules_next_dist_4b2403f5._.js:2294
[  180260ms] [LOG] [Fast Refresh] done in 56ms @ http://localhost:3000/_next/static/chunks/node_modules_next_dist_4b2403f5._.js:2294
[  181779ms] [LOG] [Fast Refresh] rebuilding @ http://localhost:3000/_next/static/chunks/node_modules_next_dist_4b2403f5._.js:2294
[  181836ms] [LOG] [Fast Refresh] done in 91ms @ http://localhost:3000/_next/static/chunks/node_modules_next_dist_4b2403f5._.js:2294
[  194604ms] [LOG] [Fast Refresh] rebuilding @ http://localhost:3000/_next/static/chunks/node_modules_next_dist_4b2403f5._.js:2294
[  195004ms] [LOG] [Fast Refresh] done in 508ms @ http://localhost:3000/_next/static/chunks/node_modules_next_dist_4b2403f5._.js:2294
[  195207ms] [INFO] %cDownload the React DevTools for a better development experience: https://react.dev/link/react-devtools font-weight:bold @ http://localhost:3000/_next/static/chunks/node_modules_next_dist_4b2403f5._.js:2294
[  195318ms] [LOG] [HMR] connected @ http://localhost:3000/_next/static/chunks/node_modules_next_dist_4b2403f5._.js:2294
[  195436ms] [WARNING] Image with src "/backoffolder.avif" has legacy prop "layout". Did you forget to run the codemod?
Read more: https://nextjs.org/docs/messages/next-image-upgrade-to-13 @ http://localhost:3000/_next/static/chunks/node_modules_next_dist_4b2403f5._.js:2294
[  195436ms] [WARNING] Image with src "/backoffolder.avif" has legacy prop "objectFit". Did you forget to run the codemod?
Read more: https://nextjs.org/docs/messages/next-image-upgrade-to-13 @ http://localhost:3000/_next/static/chunks/node_modules_next_dist_4b2403f5._.js:2294
[  195437ms] [WARNING] Image with src "/cert1card.avif" has legacy prop "layout". Did you forget to run the codemod?
Read more: https://nextjs.org/docs/messages/next-image-upgrade-to-13 @ http://localhost:3000/_next/static/chunks/node_modules_next_dist_4b2403f5._.js:2294
[  195437ms] [WARNING] Image with src "/cert1card.avif" has legacy prop "objectFit". Did you forget to run the codemod?
Read more: https://nextjs.org/docs/messages/next-image-upgrade-to-13 @ http://localhost:3000/_next/static/chunks/node_modules_next_dist_4b2403f5._.js:2294
[  195439ms] [WARNING] Image with src "/cert2card.avif" has legacy prop "layout". Did you forget to run the codemod?
Read more: https://nextjs.org/docs/messages/next-image-upgrade-to-13 @ http://localhost:3000/_next/static/chunks/node_modules_next_dist_4b2403f5._.js:2294
[  195439ms] [WARNING] Image with src "/cert2card.avif" has legacy prop "objectFit". Did you forget to run the codemod?
Read more: https://nextjs.org/docs/messages/next-image-upgrade-to-13 @ http://localhost:3000/_next/static/chunks/node_modules_next_dist_4b2403f5._.js:2294
[  195440ms] [WARNING] Image with src "/cert3card.avif" has legacy prop "layout". Did you forget to run the codemod?
Read more: https://nextjs.org/docs/messages/next-image-upgrade-to-13 @ http://localhost:3000/_next/static/chunks/node_modules_next_dist_4b2403f5._.js:2294
[  195440ms] [WARNING] Image with src "/cert3card.avif" has legacy prop "objectFit". Did you forget to run the codemod?
Read more: https://nextjs.org/docs/messages/next-image-upgrade-to-13 @ http://localhost:3000/_next/static/chunks/node_modules_next_dist_4b2403f5._.js:2294
[  195442ms] [WARNING] Image with src "/cert4card.avif" has legacy prop "layout". Did you forget to run the codemod?
Read more: https://nextjs.org/docs/messages/next-image-upgrade-to-13 @ http://localhost:3000/_next/static/chunks/node_modules_next_dist_4b2403f5._.js:2294
[  195442ms] [WARNING] Image with src "/cert4card.avif" has legacy prop "objectFit". Did you forget to run the codemod?
Read more: https://nextjs.org/docs/messages/next-image-upgrade-to-13 @ http://localhost:3000/_next/static/chunks/node_modules_next_dist_4b2403f5._.js:2294
[  195443ms] [WARNING] Image with src "/blankcard.avif" has legacy prop "layout". Did you forget to run the codemod?
Read more: https://nextjs.org/docs/messages/next-image-upgrade-to-13 @ http://localhost:3000/_next/static/chunks/node_modules_next_dist_4b2403f5._.js:2294
[  195443ms] [WARNING] Image with src "/blankcard.avif" has legacy prop "objectFit". Did you forget to run the codemod?
Read more: https://nextjs.org/docs/messages/next-image-upgrade-to-13 @ http://localhost:3000/_next/static/chunks/node_modules_next_dist_4b2403f5._.js:2294
[  195444ms] [WARNING] Image with src "/frontoffolder.avif" has legacy prop "layout". Did you forget to run the codemod?
Read more: https://nextjs.org/docs/messages/next-image-upgrade-to-13 @ http://localhost:3000/_next/static/chunks/node_modules_next_dist_4b2403f5._.js:2294
[  195444ms] [WARNING] Image with src "/frontoffolder.avif" has legacy prop "objectFit". Did you forget to run the codemod?
Read more: https://nextjs.org/docs/messages/next-image-upgrade-to-13 @ http://localhost:3000/_next/static/chunks/node_modules_next_dist_4b2403f5._.js:2294
[  195450ms] [WARNING] Image with src "/footer1.png" has legacy prop "layout". Did you forget to run the codemod?
Read more: https://nextjs.org/docs/messages/next-image-upgrade-to-13 @ http://localhost:3000/_next/static/chunks/node_modules_next_dist_4b2403f5._.js:2294
[  195451ms] [WARNING] Image with src "/footer1.png" has legacy prop "objectFit". Did you forget to run the codemod?
Read more: https://nextjs.org/docs/messages/next-image-upgrade-to-13 @ http://localhost:3000/_next/static/chunks/node_modules_next_dist_4b2403f5._.js:2294
[  195508ms] [WARNING] Please ensure that the container has a non-static position, like 'relative', 'fixed', or 'absolute' to ensure scroll offset is calculated correctly. @ http://localhost:3000/_next/static/chunks/node_modules_next_dist_4b2403f5._.js:2294
[  195513ms] [WARNING] Image with src "/backoffolder.avif" has "fill" but is missing "sizes" prop. Please add it to improve page performance. Read more: https://nextjs.org/docs/api-reference/next/image#sizes @ http://localhost:3000/_next/static/chunks/node_modules_next_dist_4b2403f5._.js:2294
[  195513ms] [WARNING] Image with src "/cert1card.avif" has "fill" but is missing "sizes" prop. Please add it to improve page performance. Read more: https://nextjs.org/docs/api-reference/next/image#sizes @ http://localhost:3000/_next/static/chunks/node_modules_next_dist_4b2403f5._.js:2294
[  195513ms] [WARNING] Image with src "/cert2card.avif" has "fill" but is missing "sizes" prop. Please add it to improve page performance. Read more: https://nextjs.org/docs/api-reference/next/image#sizes @ http://localhost:3000/_next/static/chunks/node_modules_next_dist_4b2403f5._.js:2294
[  195513ms] [WARNING] Image with src "/cert3card.avif" has "fill" but is missing "sizes" prop. Please add it to improve page performance. Read more: https://nextjs.org/docs/api-reference/next/image#sizes @ http://localhost:3000/_next/static/chunks/node_modules_next_dist_4b2403f5._.js:2294
[  195518ms] [WARNING] Image with src "/cert4card.avif" has "fill" but is missing "sizes" prop. Please add it to improve page performance. Read more: https://nextjs.org/docs/api-reference/next/image#sizes @ http://localhost:3000/_next/static/chunks/node_modules_next_dist_4b2403f5._.js:2294
[  195518ms] [WARNING] Image with src "/blankcard.avif" has "fill" but is missing "sizes" prop. Please add it to improve page performance. Read more: https://nextjs.org/docs/api-reference/next/image#sizes @ http://localhost:3000/_next/static/chunks/node_modules_next_dist_4b2403f5._.js:2294
[  195522ms] [WARNING] Image with src "/frontoffolder.avif" has "fill" but is missing "sizes" prop. Please add it to improve page performance. Read more: https://nextjs.org/docs/api-reference/next/image#sizes @ http://localhost:3000/_next/static/chunks/node_modules_next_dist_4b2403f5._.js:2294
[  195907ms] [LOG] [Fast Refresh] rebuilding @ http://localhost:3000/_next/static/chunks/node_modules_next_dist_4b2403f5._.js:2294
[  195910ms] [LOG] [Fast Refresh] done in 113ms @ http://localhost:3000/_next/static/chunks/node_modules_next_dist_4b2403f5._.js:2294
[  196203ms] [LOG] [Fast Refresh] rebuilding @ http://localhost:3000/_next/static/chunks/node_modules_next_dist_4b2403f5._.js:2294
[  196204ms] [LOG] [Fast Refresh] done in 108ms @ http://localhost:3000/_next/static/chunks/node_modules_next_dist_4b2403f5._.js:2294
[  216954ms] [LOG] [Fast Refresh] rebuilding @ http://localhost:3000/_next/static/chunks/node_modules_next_dist_4b2403f5._.js:2294
[  216956ms] [LOG] [Fast Refresh] done in 117ms @ http://localhost:3000/_next/static/chunks/node_modules_next_dist_4b2403f5._.js:2294
[  217238ms] [LOG] [Fast Refresh] rebuilding @ http://localhost:3000/_next/static/chunks/node_modules_next_dist_4b2403f5._.js:2294
[  217256ms] [LOG] [Fast Refresh] done in 131ms @ http://localhost:3000/_next/static/chunks/node_modules_next_dist_4b2403f5._.js:2294
[  217537ms] [LOG] [Fast Refresh] rebuilding @ http://localhost:3000/_next/static/chunks/node_modules_next_dist_4b2403f5._.js:2294
[  217538ms] [LOG] [Fast Refresh] done in 113ms @ http://localhost:3000/_next/static/chunks/node_modules_next_dist_4b2403f5._.js:2294
[  217968ms] [LOG] [Fast Refresh] rebuilding @ http://localhost:3000/_next/static/chunks/node_modules_next_dist_4b2403f5._.js:2294
[  217980ms] [WARNING] Image with src "/footer1.png" was detected as the Largest Contentful Paint (LCP). Please add the `loading="eager"` property if this image is above the fold.
Read more: https://nextjs.org/docs/app/api-reference/components/image#loading @ http://localhost:3000/_next/static/chunks/node_modules_next_dist_4b2403f5._.js:2294
[  217998ms] [LOG] [Fast Refresh] done in 133ms @ http://localhost:3000/_next/static/chunks/node_modules_next_dist_4b2403f5._.js:2294
[  218336ms] [LOG] [Fast Refresh] rebuilding @ http://localhost:3000/_next/static/chunks/node_modules_next_dist_4b2403f5._.js:2294
[  218404ms] [LOG] [Fast Refresh] done in 173ms @ http://localhost:3000/_next/static/chunks/node_modules_next_dist_4b2403f5._.js:2294
[  218541ms] [LOG] [Fast Refresh] rebuilding @ http://localhost:3000/_next/static/chunks/node_modules_next_dist_4b2403f5._.js:2294
[  218543ms] [LOG] [Fast Refresh] done in 117ms @ http://localhost:3000/_next/static/chunks/node_modules_next_dist_4b2403f5._.js:2294
[  218654ms] [LOG] [Fast Refresh] rebuilding @ http://localhost:3000/_next/static/chunks/node_modules_next_dist_4b2403f5._.js:2294
[  218671ms] [LOG] [Fast Refresh] done in 126ms @ http://localhost:3000/_next/static/chunks/node_modules_next_dist_4b2403f5._.js:2294
[  218776ms] [LOG] [Fast Refresh] rebuilding @ http://localhost:3000/_next/static/chunks/node_modules_next_dist_4b2403f5._.js:2294
[  218803ms] [LOG] [Fast Refresh] done in 127ms @ http://localhost:3000/_next/static/chunks/node_modules_next_dist_4b2403f5._.js:2294
[  218904ms] [LOG] [Fast Refresh] rebuilding @ http://localhost:3000/_next/static/chunks/node_modules_next_dist_4b2403f5._.js:2294
[  219026ms] [LOG] [Fast Refresh] done in 222ms @ http://localhost:3000/_next/static/chunks/node_modules_next_dist_4b2403f5._.js:2294
[  219322ms] [LOG] [Fast Refresh] rebuilding @ http://localhost:3000/_next/static/chunks/node_modules_next_dist_4b2403f5._.js:2294
[  219388ms] [LOG] [Fast Refresh] done in 175ms @ http://localhost:3000/_next/static/chunks/node_modules_next_dist_4b2403f5._.js:2294
[  258056ms] [LOG] [Fast Refresh] rebuilding @ http://localhost:3000/_next/static/chunks/node_modules_next_dist_4b2403f5._.js:2294
[  258166ms] [LOG] [Fast Refresh] done in 218ms @ http://localhost:3000/_next/static/chunks/node_modules_next_dist_4b2403f5._.js:2294
[  258706ms] [INFO] %cDownload the React DevTools for a better development experience: https://react.dev/link/react-devtools font-weight:bold @ http://localhost:3000/_next/static/chunks/node_modules_next_dist_4b2403f5._.js:2294
[  258742ms] [LOG] [HMR] connected @ http://localhost:3000/_next/static/chunks/node_modules_next_dist_4b2403f5._.js:2294
[  258896ms] [WARNING] Image with src "/backoffolder.avif" has legacy prop "layout". Did you forget to run the codemod?
Read more: https://nextjs.org/docs/messages/next-image-upgrade-to-13 @ http://localhost:3000/_next/static/chunks/node_modules_next_dist_4b2403f5._.js:2294
[  258896ms] [WARNING] Image with src "/backoffolder.avif" has legacy prop "objectFit". Did you forget to run the codemod?
Read more: https://nextjs.org/docs/messages/next-image-upgrade-to-13 @ http://localhost:3000/_next/static/chunks/node_modules_next_dist_4b2403f5._.js:2294
[  258898ms] [WARNING] Image with src "/cert1card.avif" has legacy prop "layout". Did you forget to run the codemod?
Read more: https://nextjs.org/docs/messages/next-image-upgrade-to-13 @ http://localhost:3000/_next/static/chunks/node_modules_next_dist_4b2403f5._.js:2294
[  258898ms] [WARNING] Image with src "/cert1card.avif" has legacy prop "objectFit". Did you forget to run the codemod?
Read more: https://nextjs.org/docs/messages/next-image-upgrade-to-13 @ http://localhost:3000/_next/static/chunks/node_modules_next_dist_4b2403f5._.js:2294
[  258899ms] [WARNING] Image with src "/cert2card.avif" has legacy prop "layout". Did you forget to run the codemod?
Read more: https://nextjs.org/docs/messages/next-image-upgrade-to-13 @ http://localhost:3000/_next/static/chunks/node_modules_next_dist_4b2403f5._.js:2294
[  258899ms] [WARNING] Image with src "/cert2card.avif" has legacy prop "objectFit". Did you forget to run the codemod?
Read more: https://nextjs.org/docs/messages/next-image-upgrade-to-13 @ http://localhost:3000/_next/static/chunks/node_modules_next_dist_4b2403f5._.js:2294
[  258900ms] [WARNING] Image with src "/cert3card.avif" has legacy prop "layout". Did you forget to run the codemod?
Read more: https://nextjs.org/docs/messages/next-image-upgrade-to-13 @ http://localhost:3000/_next/static/chunks/node_modules_next_dist_4b2403f5._.js:2294
[  258900ms] [WARNING] Image with src "/cert3card.avif" has legacy prop "objectFit". Did you forget to run the codemod?
Read more: https://nextjs.org/docs/messages/next-image-upgrade-to-13 @ http://localhost:3000/_next/static/chunks/node_modules_next_dist_4b2403f5._.js:2294
[  258902ms] [WARNING] Image with src "/cert4card.avif" has legacy prop "layout". Did you forget to run the codemod?
Read more: https://nextjs.org/docs/messages/next-image-upgrade-to-13 @ http://localhost:3000/_next/static/chunks/node_modules_next_dist_4b2403f5._.js:2294
[  258902ms] [WARNING] Image with src "/cert4card.avif" has legacy prop "objectFit". Did you forget to run the codemod?
Read more: https://nextjs.org/docs/messages/next-image-upgrade-to-13 @ http://localhost:3000/_next/static/chunks/node_modules_next_dist_4b2403f5._.js:2294
[  258905ms] [WARNING] Image with src "/blankcard.avif" has legacy prop "layout". Did you forget to run the codemod?
Read more: https://nextjs.org/docs/messages/next-image-upgrade-to-13 @ http://localhost:3000/_next/static/chunks/node_modules_next_dist_4b2403f5._.js:2294
[  258905ms] [WARNING] Image with src "/blankcard.avif" has legacy prop "objectFit". Did you forget to run the codemod?
Read more: https://nextjs.org/docs/messages/next-image-upgrade-to-13 @ http://localhost:3000/_next/static/chunks/node_modules_next_dist_4b2403f5._.js:2294
[  258908ms] [WARNING] Image with src "/frontoffolder.avif" has legacy prop "layout". Did you forget to run the codemod?
Read more: https://nextjs.org/docs/messages/next-image-upgrade-to-13 @ http://localhost:3000/_next/static/chunks/node_modules_next_dist_4b2403f5._.js:2294
[  258908ms] [WARNING] Image with src "/frontoffolder.avif" has legacy prop "objectFit". Did you forget to run the codemod?
Read more: https://nextjs.org/docs/messages/next-image-upgrade-to-13 @ http://localhost:3000/_next/static/chunks/node_modules_next_dist_4b2403f5._.js:2294
[  258915ms] [WARNING] Image with src "/footer1.png" has legacy prop "layout". Did you forget to run the codemod?
Read more: https://nextjs.org/docs/messages/next-image-upgrade-to-13 @ http://localhost:3000/_next/static/chunks/node_modules_next_dist_4b2403f5._.js:2294
[  258916ms] [WARNING] Image with src "/footer1.png" has legacy prop "objectFit". Did you forget to run the codemod?
Read more: https://nextjs.org/docs/messages/next-image-upgrade-to-13 @ http://localhost:3000/_next/static/chunks/node_modules_next_dist_4b2403f5._.js:2294
[  258962ms] [WARNING] Please ensure that the container has a non-static position, like 'relative', 'fixed', or 'absolute' to ensure scroll offset is calculated correctly. @ http://localhost:3000/_next/static/chunks/node_modules_next_dist_4b2403f5._.js:2294
[  259020ms] [LOG] [Fast Refresh] rebuilding @ http://localhost:3000/_next/static/chunks/node_modules_next_dist_4b2403f5._.js:2294
[  259074ms] [LOG] [Fast Refresh] done in 157ms @ http://localhost:3000/_next/static/chunks/node_modules_next_dist_4b2403f5._.js:2294
[  259355ms] [LOG] [Fast Refresh] rebuilding @ http://localhost:3000/_next/static/chunks/node_modules_next_dist_4b2403f5._.js:2294
[  259405ms] [LOG] [Fast Refresh] done in 166ms @ http://localhost:3000/_next/static/chunks/node_modules_next_dist_4b2403f5._.js:2294
[  262444ms] [WARNING] Image with src "/backoffolder.avif" has "fill" but is missing "sizes" prop. Please add it to improve page performance. Read more: https://nextjs.org/docs/api-reference/next/image#sizes @ http://localhost:3000/_next/static/chunks/node_modules_next_dist_4b2403f5._.js:2294
[  262445ms] [WARNING] Image with src "/cert1card.avif" has "fill" but is missing "sizes" prop. Please add it to improve page performance. Read more: https://nextjs.org/docs/api-reference/next/image#sizes @ http://localhost:3000/_next/static/chunks/node_modules_next_dist_4b2403f5._.js:2294
[  262448ms] [WARNING] Image with src "/cert2card.avif" has "fill" but is missing "sizes" prop. Please add it to improve page performance. Read more: https://nextjs.org/docs/api-reference/next/image#sizes @ http://localhost:3000/_next/static/chunks/node_modules_next_dist_4b2403f5._.js:2294
[  262449ms] [WARNING] Image with src "/cert3card.avif" has "fill" but is missing "sizes" prop. Please add it to improve page performance. Read more: https://nextjs.org/docs/api-reference/next/image#sizes @ http://localhost:3000/_next/static/chunks/node_modules_next_dist_4b2403f5._.js:2294
[  262455ms] [WARNING] Image with src "/blankcard.avif" has "fill" but is missing "sizes" prop. Please add it to improve page performance. Read more: https://nextjs.org/docs/api-reference/next/image#sizes @ http://localhost:3000/_next/static/chunks/node_modules_next_dist_4b2403f5._.js:2294
[  262456ms] [WARNING] Image with src "/cert4card.avif" has "fill" but is missing "sizes" prop. Please add it to improve page performance. Read more: https://nextjs.org/docs/api-reference/next/image#sizes @ http://localhost:3000/_next/static/chunks/node_modules_next_dist_4b2403f5._.js:2294
[  262459ms] [WARNING] Image with src "/frontoffolder.avif" has "fill" but is missing "sizes" prop. Please add it to improve page performance. Read more: https://nextjs.org/docs/api-reference/next/image#sizes @ http://localhost:3000/_next/static/chunks/node_modules_next_dist_4b2403f5._.js:2294
[  262672ms] [LOG] [Fast Refresh] rebuilding @ http://localhost:3000/_next/static/chunks/node_modules_next_dist_4b2403f5._.js:2294
[  262739ms] [LOG] [Fast Refresh] done in 169ms @ http://localhost:3000/_next/static/chunks/node_modules_next_dist_4b2403f5._.js:2294
[  262972ms] [LOG] [Fast Refresh] rebuilding @ http://localhost:3000/_next/static/chunks/node_modules_next_dist_4b2403f5._.js:2294
[  262996ms] [LOG] [Fast Refresh] done in 124ms @ http://localhost:3000/_next/static/chunks/node_modules_next_dist_4b2403f5._.js:2294
[  263249ms] [LOG] [Fast Refresh] rebuilding @ http://localhost:3000/_next/static/chunks/node_modules_next_dist_4b2403f5._.js:2294
[  263295ms] [LOG] [Fast Refresh] done in 146ms @ http://localhost:3000/_next/static/chunks/node_modules_next_dist_4b2403f5._.js:2294
[  263555ms] [LOG] [Fast Refresh] rebuilding @ http://localhost:3000/_next/static/chunks/node_modules_next_dist_4b2403f5._.js:2294
[  263556ms] [LOG] [Fast Refresh] done in 106ms @ http://localhost:3000/_next/static/chunks/node_modules_next_dist_4b2403f5._.js:2294
[  266536ms] [LOG] [Fast Refresh] rebuilding @ http://localhost:3000/_next/static/chunks/node_modules_next_dist_4b2403f5._.js:2294
[  266556ms] [LOG] [Fast Refresh] done in 133ms @ http://localhost:3000/_next/static/chunks/node_modules_next_dist_4b2403f5._.js:2294
[  266837ms] [LOG] [Fast Refresh] rebuilding @ http://localhost:3000/_next/static/chunks/node_modules_next_dist_4b2403f5._.js:2294
[  266889ms] [LOG] [Fast Refresh] done in 165ms @ http://localhost:3000/_next/static/chunks/node_modules_next_dist_4b2403f5._.js:2294
[  267340ms] [LOG] [Fast Refresh] rebuilding @ http://localhost:3000/_next/static/chunks/node_modules_next_dist_4b2403f5._.js:2294
[  267346ms] [LOG] [Fast Refresh] done in 111ms @ http://localhost:3000/_next/static/chunks/node_modules_next_dist_4b2403f5._.js:2294
[  280869ms] [LOG] [Fast Refresh] rebuilding @ http://localhost:3000/_next/static/chunks/node_modules_next_dist_4b2403f5._.js:2294
[  280871ms] [LOG] [Fast Refresh] done in 114ms @ http://localhost:3000/_next/static/chunks/node_modules_next_dist_4b2403f5._.js:2294
[  281171ms] [LOG] [Fast Refresh] rebuilding @ http://localhost:3000/_next/static/chunks/node_modules_next_dist_4b2403f5._.js:2294
[  281172ms] [LOG] [Fast Refresh] done in 113ms @ http://localhost:3000/_next/static/chunks/node_modules_next_dist_4b2403f5._.js:2294
[  282969ms] [LOG] [Fast Refresh] rebuilding @ http://localhost:3000/_next/static/chunks/node_modules_next_dist_4b2403f5._.js:2294
[  282969ms] [LOG] [Fast Refresh] done in 115ms @ http://localhost:3000/_next/static/chunks/node_modules_next_dist_4b2403f5._.js:2294
[  284021ms] [LOG] [Fast Refresh] rebuilding @ http://localhost:3000/_next/static/chunks/node_modules_next_dist_4b2403f5._.js:2294
[  284023ms] [LOG] [Fast Refresh] done in 102ms @ http://localhost:3000/_next/static/chunks/node_modules_next_dist_4b2403f5._.js:2294
[  284220ms] [LOG] [Fast Refresh] rebuilding @ http://localhost:3000/_next/static/chunks/node_modules_next_dist_4b2403f5._.js:2294
[  284220ms] [LOG] [Fast Refresh] done in 117ms @ http://localhost:3000/_next/static/chunks/node_modules_next_dist_4b2403f5._.js:2294
[  284494ms] [LOG] [Fast Refresh] rebuilding @ http://localhost:3000/_next/static/chunks/node_modules_next_dist_4b2403f5._.js:2294
[  284536ms] [LOG] [Fast Refresh] done in 149ms @ http://localhost:3000/_next/static/chunks/node_modules_next_dist_4b2403f5._.js:2294
[  287068ms] [LOG] [Fast Refresh] rebuilding @ http://localhost:3000/_next/static/chunks/node_modules_next_dist_4b2403f5._.js:2294
[  287069ms] [LOG] [Fast Refresh] done in 115ms @ http://localhost:3000/_next/static/chunks/node_modules_next_dist_4b2403f5._.js:2294
[  296383ms] [LOG] [Fast Refresh] rebuilding @ http://localhost:3000/_next/static/chunks/node_modules_next_dist_4b2403f5._.js:2294
[  296385ms] [LOG] [Fast Refresh] done in 114ms @ http://localhost:3000/_next/static/chunks/node_modules_next_dist_4b2403f5._.js:2294
[  298468ms] [LOG] [Fast Refresh] rebuilding @ http://localhost:3000/_next/static/chunks/node_modules_next_dist_4b2403f5._.js:2294
[  298469ms] [LOG] [Fast Refresh] done in 103ms @ http://localhost:3000/_next/static/chunks/node_modules_next_dist_4b2403f5._.js:2294
[  300456ms] [LOG] [Fast Refresh] rebuilding @ http://localhost:3000/_next/static/chunks/node_modules_next_dist_4b2403f5._.js:2294
[  300503ms] [LOG] [Fast Refresh] done in 150ms @ http://localhost:3000/_next/static/chunks/node_modules_next_dist_4b2403f5._.js:2294
[  300783ms] [LOG] [Fast Refresh] rebuilding @ http://localhost:3000/_next/static/chunks/node_modules_next_dist_4b2403f5._.js:2294
[  300836ms] [LOG] [Fast Refresh] done in 165ms @ http://localhost:3000/_next/static/chunks/node_modules_next_dist_4b2403f5._.js:2294
[  301123ms] [LOG] [Fast Refresh] rebuilding @ http://localhost:3000/_next/static/chunks/node_modules_next_dist_4b2403f5._.js:2294
[  301133ms] [LOG] [Fast Refresh] done in 112ms @ http://localhost:3000/_next/static/chunks/node_modules_next_dist_4b2403f5._.js:2294
[  301403ms] [LOG] [Fast Refresh] rebuilding @ http://localhost:3000/_next/static/chunks/node_modules_next_dist_4b2403f5._.js:2294
[  301411ms] [LOG] [Fast Refresh] done in 117ms @ http://localhost:3000/_next/static/chunks/node_modules_next_dist_4b2403f5._.js:2294
[  301591ms] [LOG] [Fast Refresh] rebuilding @ http://localhost:3000/_next/static/chunks/node_modules_next_dist_4b2403f5._.js:2294
[  301591ms] [LOG] [Fast Refresh] done in 102ms @ http://localhost:3000/_next/static/chunks/node_modules_next_dist_4b2403f5._.js:2294
[  301884ms] [LOG] [Fast Refresh] rebuilding @ http://localhost:3000/_next/static/chunks/node_modules_next_dist_4b2403f5._.js:2294
[  301905ms] [LOG] [Fast Refresh] done in 134ms @ http://localhost:3000/_next/static/chunks/node_modules_next_dist_4b2403f5._.js:2294
[  302188ms] [LOG] [Fast Refresh] rebuilding @ http://localhost:3000/_next/static/chunks/node_modules_next_dist_4b2403f5._.js:2294
[  302188ms] [LOG] [Fast Refresh] done in 116ms @ http://localhost:3000/_next/static/chunks/node_modules_next_dist_4b2403f5._.js:2294
[  430546ms] [LOG] [Fast Refresh] rebuilding @ http://localhost:3000/_next/static/chunks/node_modules_next_dist_4b2403f5._.js:2294
[  430751ms] [LOG] [Fast Refresh] done in 307ms @ http://localhost:3000/_next/static/chunks/node_modules_next_dist_4b2403f5._.js:2294
[  447056ms] [WARNING] Image with src "/footer1.png" was detected as the Largest Contentful Paint (LCP). Please add the `loading="eager"` property if this image is above the fold.
Read more: https://nextjs.org/docs/app/api-reference/components/image#loading @ http://localhost:3000/_next/static/chunks/node_modules_next_dist_4b2403f5._.js:2294
[  447231ms] [LOG] [Fast Refresh] rebuilding @ http://localhost:3000/_next/static/chunks/node_modules_next_dist_4b2403f5._.js:2294
[  447420ms] [LOG] [Fast Refresh] done in 295ms @ http://localhost:3000/_next/static/chunks/node_modules_next_dist_4b2403f5._.js:2294
[  448395ms] [INFO] %cDownload the React DevTools for a better development experience: https://react.dev/link/react-devtools font-weight:bold @ http://localhost:3000/_next/static/chunks/node_modules_next_dist_4b2403f5._.js:2294
[  448454ms] [LOG] [HMR] connected @ http://localhost:3000/_next/static/chunks/node_modules_next_dist_4b2403f5._.js:2294
[  448660ms] [WARNING] Image with src "/backoffolder.avif" has legacy prop "layout". Did you forget to run the codemod?
Read more: https://nextjs.org/docs/messages/next-image-upgrade-to-13 @ http://localhost:3000/_next/static/chunks/node_modules_next_dist_4b2403f5._.js:2294
[  448660ms] [WARNING] Image with src "/backoffolder.avif" has legacy prop "objectFit". Did you forget to run the codemod?
Read more: https://nextjs.org/docs/messages/next-image-upgrade-to-13 @ http://localhost:3000/_next/static/chunks/node_modules_next_dist_4b2403f5._.js:2294
[  448662ms] [WARNING] Image with src "/cert1card.avif" has legacy prop "layout". Did you forget to run the codemod?
Read more: https://nextjs.org/docs/messages/next-image-upgrade-to-13 @ http://localhost:3000/_next/static/chunks/node_modules_next_dist_4b2403f5._.js:2294
[  448662ms] [WARNING] Image with src "/cert1card.avif" has legacy prop "objectFit". Did you forget to run the codemod?
Read more: https://nextjs.org/docs/messages/next-image-upgrade-to-13 @ http://localhost:3000/_next/static/chunks/node_modules_next_dist_4b2403f5._.js:2294
[  448668ms] [WARNING] Image with src "/cert2card.avif" has legacy prop "layout". Did you forget to run the codemod?
Read more: https://nextjs.org/docs/messages/next-image-upgrade-to-13 @ http://localhost:3000/_next/static/chunks/node_modules_next_dist_4b2403f5._.js:2294
[  448669ms] [WARNING] Image with src "/cert2card.avif" has legacy prop "objectFit". Did you forget to run the codemod?
Read more: https://nextjs.org/docs/messages/next-image-upgrade-to-13 @ http://localhost:3000/_next/static/chunks/node_modules_next_dist_4b2403f5._.js:2294
[  448670ms] [WARNING] Image with src "/cert3card.avif" has legacy prop "layout". Did you forget to run the codemod?
Read more: https://nextjs.org/docs/messages/next-image-upgrade-to-13 @ http://localhost:3000/_next/static/chunks/node_modules_next_dist_4b2403f5._.js:2294
[  448670ms] [WARNING] Image with src "/cert3card.avif" has legacy prop "objectFit". Did you forget to run the codemod?
Read more: https://nextjs.org/docs/messages/next-image-upgrade-to-13 @ http://localhost:3000/_next/static/chunks/node_modules_next_dist_4b2403f5._.js:2294
[  448671ms] [WARNING] Image with src "/cert4card.avif" has legacy prop "layout". Did you forget to run the codemod?
Read more: https://nextjs.org/docs/messages/next-image-upgrade-to-13 @ http://localhost:3000/_next/static/chunks/node_modules_next_dist_4b2403f5._.js:2294
[  448671ms] [WARNING] Image with src "/cert4card.avif" has legacy prop "objectFit". Did you forget to run the codemod?
Read more: https://nextjs.org/docs/messages/next-image-upgrade-to-13 @ http://localhost:3000/_next/static/chunks/node_modules_next_dist_4b2403f5._.js:2294
[  448672ms] [WARNING] Image with src "/blankcard.avif" has legacy prop "layout". Did you forget to run the codemod?
Read more: https://nextjs.org/docs/messages/next-image-upgrade-to-13 @ http://localhost:3000/_next/static/chunks/node_modules_next_dist_4b2403f5._.js:2294
[  448673ms] [WARNING] Image with src "/blankcard.avif" has legacy prop "objectFit". Did you forget to run the codemod?
Read more: https://nextjs.org/docs/messages/next-image-upgrade-to-13 @ http://localhost:3000/_next/static/chunks/node_modules_next_dist_4b2403f5._.js:2294
[  448674ms] [WARNING] Image with src "/frontoffolder.avif" has legacy prop "layout". Did you forget to run the codemod?
Read more: https://nextjs.org/docs/messages/next-image-upgrade-to-13 @ http://localhost:3000/_next/static/chunks/node_modules_next_dist_4b2403f5._.js:2294
[  448674ms] [WARNING] Image with src "/frontoffolder.avif" has legacy prop "objectFit". Did you forget to run the codemod?
Read more: https://nextjs.org/docs/messages/next-image-upgrade-to-13 @ http://localhost:3000/_next/static/chunks/node_modules_next_dist_4b2403f5._.js:2294
[  448689ms] [WARNING] Image with src "/footer1.png" has legacy prop "layout". Did you forget to run the codemod?
Read more: https://nextjs.org/docs/messages/next-image-upgrade-to-13 @ http://localhost:3000/_next/static/chunks/node_modules_next_dist_4b2403f5._.js:2294
[  448689ms] [WARNING] Image with src "/footer1.png" has legacy prop "objectFit". Did you forget to run the codemod?
Read more: https://nextjs.org/docs/messages/next-image-upgrade-to-13 @ http://localhost:3000/_next/static/chunks/node_modules_next_dist_4b2403f5._.js:2294
[  448734ms] [WARNING] Please ensure that the container has a non-static position, like 'relative', 'fixed', or 'absolute' to ensure scroll offset is calculated correctly. @ http://localhost:3000/_next/static/chunks/node_modules_next_dist_4b2403f5._.js:2294
[  448802ms] [LOG] [Fast Refresh] rebuilding @ http://localhost:3000/_next/static/chunks/node_modules_next_dist_4b2403f5._.js:2294
[  448865ms] [LOG] [Fast Refresh] done in 173ms @ http://localhost:3000/_next/static/chunks/node_modules_next_dist_4b2403f5._.js:2294
[  448998ms] [LOG] [Fast Refresh] rebuilding @ http://localhost:3000/_next/static/chunks/node_modules_next_dist_4b2403f5._.js:2294
[  449002ms] [LOG] [Fast Refresh] done in 117ms @ http://localhost:3000/_next/static/chunks/node_modules_next_dist_4b2403f5._.js:2294
[  449103ms] [LOG] [Fast Refresh] rebuilding @ http://localhost:3000/_next/static/chunks/node_modules_next_dist_4b2403f5._.js:2294
[  449116ms] [LOG] [Fast Refresh] done in 114ms @ http://localhost:3000/_next/static/chunks/node_modules_next_dist_4b2403f5._.js:2294
[  449314ms] [LOG] [Fast Refresh] rebuilding @ http://localhost:3000/_next/static/chunks/node_modules_next_dist_4b2403f5._.js:2294
[  449316ms] [LOG] [Fast Refresh] done in 101ms @ http://localhost:3000/_next/static/chunks/node_modules_next_dist_4b2403f5._.js:2294
[  449417ms] [LOG] [Fast Refresh] rebuilding @ http://localhost:3000/_next/static/chunks/node_modules_next_dist_4b2403f5._.js:2294
[  449419ms] [LOG] [Fast Refresh] done in 101ms @ http://localhost:3000/_next/static/chunks/node_modules_next_dist_4b2403f5._.js:2294
[  449763ms] [LOG] [Fast Refresh] rebuilding @ http://localhost:3000/_next/static/chunks/node_modules_next_dist_4b2403f5._.js:2294
[  449763ms] [LOG] [Fast Refresh] done in 116ms @ http://localhost:3000/_next/static/chunks/node_modules_next_dist_4b2403f5._.js:2294
[  450031ms] [LOG] [Fast Refresh] rebuilding @ http://localhost:3000/_next/static/chunks/node_modules_next_dist_4b2403f5._.js:2294
[  450049ms] [LOG] [Fast Refresh] done in 135ms @ http://localhost:3000/_next/static/chunks/node_modules_next_dist_4b2403f5._.js:2294
[  452871ms] [WARNING] Image with src "/backoffolder.avif" has "fill" but is missing "sizes" prop. Please add it to improve page performance. Read more: https://nextjs.org/docs/api-reference/next/image#sizes @ http://localhost:3000/_next/static/chunks/node_modules_next_dist_4b2403f5._.js:2294
[  452873ms] [WARNING] Image with src "/cert1card.avif" has "fill" but is missing "sizes" prop. Please add it to improve page performance. Read more: https://nextjs.org/docs/api-reference/next/image#sizes @ http://localhost:3000/_next/static/chunks/node_modules_next_dist_4b2403f5._.js:2294
[  452881ms] [WARNING] Image with src "/cert2card.avif" has "fill" but is missing "sizes" prop. Please add it to improve page performance. Read more: https://nextjs.org/docs/api-reference/next/image#sizes @ http://localhost:3000/_next/static/chunks/node_modules_next_dist_4b2403f5._.js:2294
[  452886ms] [WARNING] Image with src "/cert3card.avif" has "fill" but is missing "sizes" prop. Please add it to improve page performance. Read more: https://nextjs.org/docs/api-reference/next/image#sizes @ http://localhost:3000/_next/static/chunks/node_modules_next_dist_4b2403f5._.js:2294
[  452895ms] [WARNING] Image with src "/cert4card.avif" has "fill" but is missing "sizes" prop. Please add it to improve page performance. Read more: https://nextjs.org/docs/api-reference/next/image#sizes @ http://localhost:3000/_next/static/chunks/node_modules_next_dist_4b2403f5._.js:2294
[  452901ms] [WARNING] Image with src "/blankcard.avif" has "fill" but is missing "sizes" prop. Please add it to improve page performance. Read more: https://nextjs.org/docs/api-reference/next/image#sizes @ http://localhost:3000/_next/static/chunks/node_modules_next_dist_4b2403f5._.js:2294
[  452907ms] [WARNING] Image with src "/frontoffolder.avif" has "fill" but is missing "sizes" prop. Please add it to improve page performance. Read more: https://nextjs.org/docs/api-reference/next/image#sizes @ http://localhost:3000/_next/static/chunks/node_modules_next_dist_4b2403f5._.js:2294
[  453090ms] [LOG] [Fast Refresh] rebuilding @ http://localhost:3000/_next/static/chunks/node_modules_next_dist_4b2403f5._.js:2294
[  453101ms] [LOG] [Fast Refresh] done in 111ms @ http://localhost:3000/_next/static/chunks/node_modules_next_dist_4b2403f5._.js:2294
[  453383ms] [LOG] [Fast Refresh] rebuilding @ http://localhost:3000/_next/static/chunks/node_modules_next_dist_4b2403f5._.js:2294
[  453432ms] [LOG] [Fast Refresh] done in 149ms @ http://localhost:3000/_next/static/chunks/node_modules_next_dist_4b2403f5._.js:2294
[  453727ms] [LOG] [Fast Refresh] rebuilding @ http://localhost:3000/_next/static/chunks/node_modules_next_dist_4b2403f5._.js:2294
[  453782ms] [LOG] [Fast Refresh] done in 165ms @ http://localhost:3000/_next/static/chunks/node_modules_next_dist_4b2403f5._.js:2294
[  454048ms] [LOG] [Fast Refresh] rebuilding @ http://localhost:3000/_next/static/chunks/node_modules_next_dist_4b2403f5._.js:2294
[  454061ms] [LOG] [Fast Refresh] done in 114ms @ http://localhost:3000/_next/static/chunks/node_modules_next_dist_4b2403f5._.js:2294
[  454360ms] [LOG] [Fast Refresh] rebuilding @ http://localhost:3000/_next/static/chunks/node_modules_next_dist_4b2403f5._.js:2294
[  454383ms] [LOG] [Fast Refresh] done in 132ms @ http://localhost:3000/_next/static/chunks/node_modules_next_dist_4b2403f5._.js:2294
[  454663ms] [LOG] [Fast Refresh] rebuilding @ http://localhost:3000/_next/static/chunks/node_modules_next_dist_4b2403f5._.js:2294
[  454664ms] [LOG] [Fast Refresh] done in 115ms @ http://localhost:3000/_next/static/chunks/node_modules_next_dist_4b2403f5._.js:2294
[  455013ms] [LOG] [Fast Refresh] rebuilding @ http://localhost:3000/_next/static/chunks/node_modules_next_dist_4b2403f5._.js:2294
[  455018ms] [LOG] [Fast Refresh] done in 119ms @ http://localhost:3000/_next/static/chunks/node_modules_next_dist_4b2403f5._.js:2294
[  455298ms] [LOG] [Fast Refresh] rebuilding @ http://localhost:3000/_next/static/chunks/node_modules_next_dist_4b2403f5._.js:2294
[  455298ms] [LOG] [Fast Refresh] done in 114ms @ http://localhost:3000/_next/static/chunks/node_modules_next_dist_4b2403f5._.js:2294
[  455580ms] [LOG] [Fast Refresh] rebuilding @ http://localhost:3000/_next/static/chunks/node_modules_next_dist_4b2403f5._.js:2294
[  455600ms] [LOG] [Fast Refresh] done in 132ms @ http://localhost:3000/_next/static/chunks/node_modules_next_dist_4b2403f5._.js:2294
[  455914ms] [LOG] [Fast Refresh] rebuilding @ http://localhost:3000/_next/static/chunks/node_modules_next_dist_4b2403f5._.js:2294
[  455917ms] [LOG] [Fast Refresh] done in 117ms @ http://localhost:3000/_next/static/chunks/node_modules_next_dist_4b2403f5._.js:2294
[  456196ms] [LOG] [Fast Refresh] rebuilding @ http://localhost:3000/_next/static/chunks/node_modules_next_dist_4b2403f5._.js:2294
[  456248ms] [LOG] [Fast Refresh] done in 160ms @ http://localhost:3000/_next/static/chunks/node_modules_next_dist_4b2403f5._.js:2294
[  456413ms] [LOG] [Fast Refresh] rebuilding @ http://localhost:3000/_next/static/chunks/node_modules_next_dist_4b2403f5._.js:2294
[  456415ms] [LOG] [Fast Refresh] done in 115ms @ http://localhost:3000/_next/static/chunks/node_modules_next_dist_4b2403f5._.js:2294
[  456579ms] [LOG] [Fast Refresh] rebuilding @ http://localhost:3000/_next/static/chunks/node_modules_next_dist_4b2403f5._.js:2294
[  456580ms] [LOG] [Fast Refresh] done in 113ms @ http://localhost:3000/_next/static/chunks/node_modules_next_dist_4b2403f5._.js:2294
[  456761ms] [LOG] [Fast Refresh] rebuilding @ http://localhost:3000/_next/static/chunks/node_modules_next_dist_4b2403f5._.js:2294
[  456765ms] [LOG] [Fast Refresh] done in 117ms @ http://localhost:3000/_next/static/chunks/node_modules_next_dist_4b2403f5._.js:2294
[  457114ms] [LOG] [Fast Refresh] rebuilding @ http://localhost:3000/_next/static/chunks/node_modules_next_dist_4b2403f5._.js:2294
[  457115ms] [LOG] [Fast Refresh] done in 115ms @ http://localhost:3000/_next/static/chunks/node_modules_next_dist_4b2403f5._.js:2294
[  457297ms] [LOG] [Fast Refresh] rebuilding @ http://localhost:3000/_next/static/chunks/node_modules_next_dist_4b2403f5._.js:2294
[  457298ms] [LOG] [Fast Refresh] done in 114ms @ http://localhost:3000/_next/static/chunks/node_modules_next_dist_4b2403f5._.js:2294
[  457497ms] [LOG] [Fast Refresh] rebuilding @ http://localhost:3000/_next/static/chunks/node_modules_next_dist_4b2403f5._.js:2294
[  457514ms] [LOG] [Fast Refresh] done in 133ms @ http://localhost:3000/_next/static/chunks/node_modules_next_dist_4b2403f5._.js:2294
[  457681ms] [LOG] [Fast Refresh] rebuilding @ http://localhost:3000/_next/static/chunks/node_modules_next_dist_4b2403f5._.js:2294
[  457681ms] [LOG] [Fast Refresh] done in 115ms @ http://localhost:3000/_next/static/chunks/node_modules_next_dist_4b2403f5._.js:2294
[  457848ms] [LOG] [Fast Refresh] rebuilding @ http://localhost:3000/_next/static/chunks/node_modules_next_dist_4b2403f5._.js:2294
[  457866ms] [LOG] [Fast Refresh] done in 130ms @ http://localhost:3000/_next/static/chunks/node_modules_next_dist_4b2403f5._.js:2294
[  458197ms] [LOG] [Fast Refresh] rebuilding @ http://localhost:3000/_next/static/chunks/node_modules_next_dist_4b2403f5._.js:2294
[  458215ms] [LOG] [Fast Refresh] done in 121ms @ http://localhost:3000/_next/static/chunks/node_modules_next_dist_4b2403f5._.js:2294
[  458429ms] [LOG] [Fast Refresh] rebuilding @ http://localhost:3000/_next/static/chunks/node_modules_next_dist_4b2403f5._.js:2294
[  458449ms] [LOG] [Fast Refresh] done in 134ms @ http://localhost:3000/_next/static/chunks/node_modules_next_dist_4b2403f5._.js:2294
[  458561ms] [LOG] [Fast Refresh] rebuilding @ http://localhost:3000/_next/static/chunks/node_modules_next_dist_4b2403f5._.js:2294
[  458563ms] [LOG] [Fast Refresh] done in 113ms @ http://localhost:3000/_next/static/chunks/node_modules_next_dist_4b2403f5._.js:2294
[  458745ms] [LOG] [Fast Refresh] rebuilding @ http://localhost:3000/_next/static/chunks/node_modules_next_dist_4b2403f5._.js:2294
[  458765ms] [LOG] [Fast Refresh] done in 128ms @ http://localhost:3000/_next/static/chunks/node_modules_next_dist_4b2403f5._.js:2294
[  458947ms] [LOG] [Fast Refresh] rebuilding @ http://localhost:3000/_next/static/chunks/node_modules_next_dist_4b2403f5._.js:2294
[  458964ms] [LOG] [Fast Refresh] done in 131ms @ http://localhost:3000/_next/static/chunks/node_modules_next_dist_4b2403f5._.js:2294
[  459130ms] [LOG] [Fast Refresh] rebuilding @ http://localhost:3000/_next/static/chunks/node_modules_next_dist_4b2403f5._.js:2294
[  459131ms] [LOG] [Fast Refresh] done in 114ms @ http://localhost:3000/_next/static/chunks/node_modules_next_dist_4b2403f5._.js:2294
[  459298ms] [LOG] [Fast Refresh] rebuilding @ http://localhost:3000/_next/static/chunks/node_modules_next_dist_4b2403f5._.js:2294
[  459300ms] [LOG] [Fast Refresh] done in 116ms @ http://localhost:3000/_next/static/chunks/node_modules_next_dist_4b2403f5._.js:2294
[  459480ms] [LOG] [Fast Refresh] rebuilding @ http://localhost:3000/_next/static/chunks/node_modules_next_dist_4b2403f5._.js:2294
[  459480ms] [LOG] [Fast Refresh] done in 114ms @ http://localhost:3000/_next/static/chunks/node_modules_next_dist_4b2403f5._.js:2294
[  459830ms] [LOG] [Fast Refresh] rebuilding @ http://localhost:3000/_next/static/chunks/node_modules_next_dist_4b2403f5._.js:2294
[  459849ms] [LOG] [Fast Refresh] done in 130ms @ http://localhost:3000/_next/static/chunks/node_modules_next_dist_4b2403f5._.js:2294
[  460131ms] [LOG] [Fast Refresh] rebuilding @ http://localhost:3000/_next/static/chunks/node_modules_next_dist_4b2403f5._.js:2294
[  460131ms] [LOG] [Fast Refresh] done in 117ms @ http://localhost:3000/_next/static/chunks/node_modules_next_dist_4b2403f5._.js:2294
[  460412ms] [LOG] [Fast Refresh] rebuilding @ http://localhost:3000/_next/static/chunks/node_modules_next_dist_4b2403f5._.js:2294
[  460479ms] [LOG] [Fast Refresh] done in 178ms @ http://localhost:3000/_next/static/chunks/node_modules_next_dist_4b2403f5._.js:2294
[  460931ms] [LOG] [Fast Refresh] rebuilding @ http://localhost:3000/_next/static/chunks/node_modules_next_dist_4b2403f5._.js:2294
[  460949ms] [LOG] [Fast Refresh] done in 132ms @ http://localhost:3000/_next/static/chunks/node_modules_next_dist_4b2403f5._.js:2294
[  461230ms] [LOG] [Fast Refresh] rebuilding @ http://localhost:3000/_next/static/chunks/node_modules_next_dist_4b2403f5._.js:2294
[  461236ms] [LOG] [Fast Refresh] done in 117ms @ http://localhost:3000/_next/static/chunks/node_modules_next_dist_4b2403f5._.js:2294
[  464064ms] [LOG] [Fast Refresh] rebuilding @ http://localhost:3000/_next/static/chunks/node_modules_next_dist_4b2403f5._.js:2294
[  464082ms] [LOG] [Fast Refresh] done in 119ms @ http://localhost:3000/_next/static/chunks/node_modules_next_dist_4b2403f5._.js:2294
[  464360ms] [LOG] [Fast Refresh] rebuilding @ http://localhost:3000/_next/static/chunks/node_modules_next_dist_4b2403f5._.js:2294
[  464381ms] [LOG] [Fast Refresh] done in 130ms @ http://localhost:3000/_next/static/chunks/node_modules_next_dist_4b2403f5._.js:2294
[  464649ms] [LOG] [Fast Refresh] rebuilding @ http://localhost:3000/_next/static/chunks/node_modules_next_dist_4b2403f5._.js:2294
[  464695ms] [LOG] [Fast Refresh] done in 149ms @ http://localhost:3000/_next/static/chunks/node_modules_next_dist_4b2403f5._.js:2294
[  467447ms] [LOG] [Fast Refresh] rebuilding @ http://localhost:3000/_next/static/chunks/node_modules_next_dist_4b2403f5._.js:2294
[  467449ms] [LOG] [Fast Refresh] done in 117ms @ http://localhost:3000/_next/static/chunks/node_modules_next_dist_4b2403f5._.js:2294
[  467747ms] [LOG] [Fast Refresh] rebuilding @ http://localhost:3000/_next/static/chunks/node_modules_next_dist_4b2403f5._.js:2294
[  467748ms] [LOG] [Fast Refresh] done in 116ms @ http://localhost:3000/_next/static/chunks/node_modules_next_dist_4b2403f5._.js:2294
[  468628ms] [LOG] [Fast Refresh] rebuilding @ http://localhost:3000/_next/static/chunks/node_modules_next_dist_4b2403f5._.js:2294
[  468679ms] [LOG] [Fast Refresh] done in 161ms @ http://localhost:3000/_next/static/chunks/node_modules_next_dist_4b2403f5._.js:2294
[  470863ms] [LOG] [Fast Refresh] rebuilding @ http://localhost:3000/_next/static/chunks/node_modules_next_dist_4b2403f5._.js:2294
[  470878ms] [LOG] [Fast Refresh] done in 131ms @ http://localhost:3000/_next/static/chunks/node_modules_next_dist_4b2403f5._.js:2294
[  471832ms] [WARNING] Image with src "/footer1.png" was detected as the Largest Contentful Paint (LCP). Please add the `loading="eager"` property if this image is above the fold.
Read more: https://nextjs.org/docs/app/api-reference/components/image#loading @ http://localhost:3000/_next/static/chunks/node_modules_next_dist_4b2403f5._.js:2294
[  471931ms] [LOG] [Fast Refresh] rebuilding @ http://localhost:3000/_next/static/chunks/node_modules_next_dist_4b2403f5._.js:2294
[  471934ms] [LOG] [Fast Refresh] done in 103ms @ http://localhost:3000/_next/static/chunks/node_modules_next_dist_4b2403f5._.js:2294
[  472108ms] [LOG] [Fast Refresh] rebuilding @ http://localhost:3000/_next/static/chunks/node_modules_next_dist_4b2403f5._.js:2294
[  472148ms] [LOG] [Fast Refresh] done in 142ms @ http://localhost:3000/_next/static/chunks/node_modules_next_dist_4b2403f5._.js:2294
[  472427ms] [LOG] [Fast Refresh] rebuilding @ http://localhost:3000/_next/static/chunks/node_modules_next_dist_4b2403f5._.js:2294
[  472431ms] [LOG] [Fast Refresh] done in 113ms @ http://localhost:3000/_next/static/chunks/node_modules_next_dist_4b2403f5._.js:2294
[  472546ms] [LOG] [Fast Refresh] rebuilding @ http://localhost:3000/_next/static/chunks/node_modules_next_dist_4b2403f5._.js:2294
[  472547ms] [LOG] [Fast Refresh] done in 114ms @ http://localhost:3000/_next/static/chunks/node_modules_next_dist_4b2403f5._.js:2294
[  472710ms] [LOG] [Fast Refresh] rebuilding @ http://localhost:3000/_next/static/chunks/node_modules_next_dist_4b2403f5._.js:2294
[  472761ms] [LOG] [Fast Refresh] done in 161ms @ http://localhost:3000/_next/static/chunks/node_modules_next_dist_4b2403f5._.js:2294
[  472864ms] [LOG] [Fast Refresh] rebuilding @ http://localhost:3000/_next/static/chunks/node_modules_next_dist_4b2403f5._.js:2294
[  472888ms] [LOG] [Fast Refresh] done in 126ms @ http://localhost:3000/_next/static/chunks/node_modules_next_dist_4b2403f5._.js:2294
[  473166ms] [LOG] [Fast Refresh] rebuilding @ http://localhost:3000/_next/static/chunks/node_modules_next_dist_4b2403f5._.js:2294
[  473213ms] [LOG] [Fast Refresh] done in 149ms @ http://localhost:3000/_next/static/chunks/node_modules_next_dist_4b2403f5._.js:2294
